create database revenue_cycle_management;
use revenue_cycle_management;
CREATE TABLE patients (
    patient_id VARCHAR(10) PRIMARY KEY,
    patient_name VARCHAR(50),
    patient_age INT,
    patient_gender VARCHAR(10),
    patient_address VARCHAR(100),
    patient_mobile_number VARCHAR(15)
);
select * from patients;
INSERT INTO patients (patient_id, patient_name, patient_age, patient_gender, patient_address, patient_mobile_number)
VALUES
('P001', 'Arunmozhi', 42, 'Male', 'Cuddalore', '8934671028'),
('P002', 'Malathi', 36, 'Female', 'Madurai', '9546781209'),
('P003', 'Thirumurugan', 33, 'Male', 'Salem', '8865774930'),
('P004', 'Divya', 52, 'Female', 'Coimbatore', '9096754136'),
('P005', 'Geetha', 11, 'Female', 'Namakkal', '8201345670'),
('P006', 'Megala', 27, 'Female', 'Vellore', '9301678952'),
('P007', 'Prabhu', 74, 'Male', 'Chennai', '8936542170'),
('P008', 'Sundari', 22, 'Female', 'Dindigul', '9876541308'),
('P009', 'Kavitha', 51, 'Female', 'Karur', '9124567380'),
('P010', 'Saranya', 18, 'Female', 'Madurai', '9718234560'),
('P011', 'Sivasankari', 67, 'Female', 'Cuddalore', '9624781309'),
('P012', 'Shanmugam', 28, 'Male', 'Thoothukudi', '8246013579'),
('P013', 'Janaki', 50, 'Female', 'Sivagangai', '9472365810'),
('P014', 'Anbu', 73, 'Male', 'Trichy', '8923467912'),
('P015', 'Sumathi', 58, 'Female', 'Nagapattinam', '8932461785'),
('P016', 'Vijayakumar', 13, 'Male', 'Trichy', '9045612378'),
('P017', 'Revathi', 53, 'Female', 'Ramanathapuram', '9312045678'),
('P018', 'Murugan', 38, 'Male', 'Virudhunagar', '8956524781'),
('P019', 'Lakshmi', 25, 'Female', 'Theni', '9684235709'),
('P020', 'Selvam', 60, 'Male', 'Madurai', '8996543102'),
('P021', 'Seetha', 29, 'Female', 'Trichy', '9916534520'),
('P022', 'Balaji', 44, 'Male', 'Thanjavur', '9874532016'),
('P023', 'Jayakumar', 16, 'Male', 'Dharmapuri', '9887612340'),
('P024', 'Manikandan', 55, 'Male', 'Vellore', '9856412097'),
('P025', 'Kanimozhi', 61, 'Female', 'Tirupur', '9765432109'),
('P026', 'Ramya', 12, 'Female', 'Karur', '9223456780'),
('P027', 'Pushpa', 67, 'Female', 'Tirunelveli', '9812345670'),
('P028', 'Gomathi', 20, 'Female', 'Tiruchengode', '9112348567'),
('P029', 'Muthu', 32, 'Male', 'Perambalur', '8934756210'),
('P030', 'Prakash', 21, 'Male', 'Sivagangai', '8893745612'),
('P031', 'Kumaravel', 26, 'Male', 'Krishnagiri', '9321786540'),
('P032', 'Jothi', 18, 'Female', 'Cuddalore', '8899045673'),
('P033', 'Uma', 73, 'Female', 'Chennai', '9154678230'),
('P034', 'Nandhini', 35, 'Female', 'Virudhunagar', '9231456789'),
('P035', 'Subramanian', 48, 'Male', 'Dindigul', '8995472301'),
('P036', 'Pandian', 40, 'Male', 'Erode', '9871264509'),
('P037', 'Sangeetha', 24, 'Female', 'Trichy', '9863215470'),
('P038', 'Deivanai', 61, 'Female', 'Pudukkottai', '8182345670'),
('P039', 'Durai', 49, 'Male', 'Perambalur', '9785412360'),
('P040', 'Kanimozhi', 50, 'Female', 'Salem', '9431267890'),
('P041', 'Ramesh', 34, 'Male', 'Nagapattinam', '8246018975'),
('P042', 'Aravind', 19, 'Male', 'Madurai', '9896546782'),
('P043', 'Saranya', 71, 'Female', 'Karur', '9789654321'),
('P044', 'Balaji', 35, 'Male', 'Theni', '9112378456'),
('P045', 'Gomathi', 22, 'Female', 'Namakkal', '8945612348'),
('P046', 'Sivasankari', 40, 'Female', 'Thanjavur', '9624783091'),
('P047', 'Arunmozhi', 65, 'Male', 'Vellore', '8765432189'),
('P048', 'Prabhu', 14, 'Male', 'Chennai', '8823765140'),
('P049', 'Lakshmi', 33, 'Female', 'Trichy', '8893756102'),
('P050', 'Jayakumar', 62, 'Male', 'Karur', '9893421560'),
('P051', 'Ramya', 23, 'Female', 'Sivagangai', '8954231760'),
('P052', 'Geetha', 44, 'Female', 'Nagapattinam', '8102345670'),
('P053', 'Revathi', 37, 'Female', 'Dharmapuri', '8976543120'),
('P054', 'Pushpa', 17, 'Female', 'Vellore', '8654321098'),
('P055', 'Manikandan', 50, 'Male', 'Thoothukudi', '9856223145'),
('P056', 'Balaji', 26, 'Male', 'Trichy', '9342157680'),
('P057', 'Uma', 80, 'Female', 'Perambalur', '9932148576'),
('P058', 'Sathishkumar', 39, 'Male', 'Erode', '9923876541'),
('P059', 'Janaki', 25, 'Female', 'Karur', '9612347890'),
('P060', 'Sumathi', 31, 'Female', 'Dindigul', '9896543217'),
('P320', 'Seetha', 18, 'Female', 'Madurai', '9983566787');

CREATE TABLE doctors
(
    doctor_id VARCHAR(10) PRIMARY KEY,
	doctor_name VARCHAR(100),
    patient_id VARCHAR(10),
	degree VARCHAR(50),
    doctor_speciality VARCHAR(100),
    doctor_department VARCHAR(100),
    foreign key (patient_id) references patients(patient_id)
);
    
INSERT INTO doctors (doctor_id, doctor_name, patient_id, degree, doctor_speciality, doctor_department) VALUES
('D001','Dr. Sanjiv','P001','MD','Cardiology','Cardiology'),
('D002','Dr. Divya','P002','MS','Urology','Urology'),
('D003','Dr. Meenakshi Sundaram','P003','MBBS','General Medicine','General Medicine'),
('D004','Dr. Karthik Raj','P004','MS','Orthopedics','Orthopedics'),
('D005','Dr. Priya Lakshmi','P005','MD','Pediatrics','Pediatrics'),
('D006','Dr. Suresh Nathan','P006','DM','Neurology','Neurology'),
('D007','Dr. Lakshmi Narayanan','P007','MD','Dermatology','Dermatology'),
('D008','Dr. Rohan Mehta','P008','MS','ENT','ENT'),
('D009','Dr. Nivedha Balaji','P009','MD','Gynecology','Gynecology'),
('D010','Dr. Vimal Krishnan','P010','DM','Oncology','Oncology'),
('D011','Dr. Anitha Venkatesan','P011','MD','Psychiatry','Psychiatry'),
('D012','Dr. Harish Iyer','P012','MD','Pulmonology','Pulmonology'),
('D013','Dr. Madhan R','P013','MS','Ophthalmology','Ophthalmology'),
('D014','Dr. Geetha Subramanian','P014','DM','Nephrology','Nephrology'),
('D015','Dr. Rajeswari Menon','P015','DM','Endocrinology','Endocrinology'),
('D016','Dr. Kiran Shankar','P016','DM','Gastroenterology','Gastroenterology'),
('D017','Dr. Yamuna Jayakumar','P017','MD','Rheumatology','Rheumatology'),
('D018','Dr. Pradeep Kumar','P018','DNB','Radiology','Radiology'),
('D019','Dr. Sahana Ramesh','P019','MD','Pathology','Pathology'),
('D020','Dr. Arjun Selvaraj','P020','DA','Anesthesiology','Anesthesiology'),
('D021','Dr. Vasanthi R','P021','MBBS','Emergency Medicine','Emergency Medicine'),
('D022','Dr. Bala Krishnan','P022','MS','Urology','Urology'),
('D023','Dr. Shwetha Gopal','P023','MD','Cardiology','Cardiology'),
('D024','Dr. Mani Srinivasan','P024','MS','Orthopedics','Orthopedics'),
('D025','Dr. Kavya Raman','P025','MD','Pediatrics','Pediatrics'),
('D026','Dr. Anil Chandran','P026','DM','Neurology','Neurology'),
('D027','Dr. Viji Narayan','P027','MD','Dermatology','Dermatology'),
('D028','Dr. Gopinath R','P028','MS','ENT','ENT'),
('D029','Dr. Ramya Sivasankaran','P029','MD','Gynecology','Gynecology'),
('D030','Dr. Sandeep Varma','P030','DM','Oncology','Oncology'),
('D031','Dr. Nila Krish','P031','MD','Psychiatry','Psychiatry'),
('D032','Dr. Ramesh Balan','P032','MD','Pulmonology','Pulmonology'),
('D033','Dr. Poornima Reddy','P033','MS','Ophthalmology','Ophthalmology'),
('D034','Dr. Vikram Natarajan','P034','DM','Nephrology','Nephrology'),
('D035','Dr. Renuka Iyer','P035','DM','Endocrinology','Endocrinology'),
('D036','Dr. Karthikeyan M','P036','DM','Gastroenterology','Gastroenterology'),
('D037','Dr. Selvi Arulanandam','P037','MD','Rheumatology','Rheumatology'),
('D038','Dr. Prakash V','P038','DNB','Radiology','Radiology'),
('D039','Dr. Anu Shankar','P039','MD','Pathology','Pathology'),
('D040','Dr. Laxman Perumal','P040','DA','Anesthesiology','Anesthesiology'),
('D041','Dr. Rekha Manohar','P041','MBBS','Emergency Medicine','Emergency Medicine'),
('D042','Dr. Arjun Prasad','P042','MS','Orthopedics','Orthopedics'),
('D043','Dr. Deepa Subash','P043','MD','Cardiology','Cardiology'),
('D044','Dr. Siva Kumar','P044','MS','Urology','Urology'),
('D045','Dr. Anjali Narayanan','P045','MD','Pediatrics','Pediatrics'),
('D046','Dr. Nitin Raj','P046','DM','Neurology','Neurology'),
('D047','Dr. Meera Krishnan','P047','MD','Dermatology','Dermatology'),
('D048','Dr. Harini R','P048','MS','ENT','ENT'),
('D049','Dr. Vijayalakshmi S','P049','MD','Gynecology','Gynecology'),
('D050','Dr. Raghavendra T','P050','DM','Oncology','Oncology'),
('D051','Dr. Brindha K','P051','MD','Psychiatry','Psychiatry'),
('D052','Dr. Pranav Shah','P052','MD','Pulmonology','Pulmonology'),
('D053','Dr. Nandhini G','P053','MS','Ophthalmology','Ophthalmology'),
('D054','Dr. Muthuvel','P054','DM','Nephrology','Nephrology'),
('D055','Dr. Yamini Prasad','P055','DM','Endocrinology','Endocrinology'),
('D056','Dr. Ajay Anand','P056','DM','Gastroenterology','Gastroenterology'),
('D057','Dr. Selma Joy','P057','MD','Rheumatology','Rheumatology'),
('D058','Dr. Raghunath K','P058','DNB','Radiology','Radiology'),
('D059','Dr. Lavanya S','P059','MD','Pathology','Pathology'),
('D060','Dr. Kiran Kumar','P060','DA','Anesthesiology','Anesthesiology'),
('D061','Dr. Shanthi V','P061','MBBS','Emergency Medicine','Emergency Medicine'),
('D062','Dr. Manoj Varadhan','P062','MS','Orthopedics','Orthopedics'),
('D063','Dr. Priyanka Menon','P063','MD','Cardiology','Cardiology'),
('D064','Dr. Arun Balaji','P064','MS','Urology','Urology'),
('D065','Dr. Sangeetha Raman','P065','MD','Pediatrics','Pediatrics'),
('D066','Dr. Rishi Kapoor','P066','DM','Neurology','Neurology'),
('D067','Dr. Shruthi N','P067','MD','Dermatology','Dermatology'),
('D068','Dr. Praveen S','P068','MS','ENT','ENT'),
('D069','Dr. Divakar Rao','P069','MD','Gynecology','Gynecology'),
('D070','Dr. Kavitha Sundar','P070','DM','Oncology','Oncology'),
('D071','Dr. Aravind Kumar','P071','MD','Cardiology','Cardiology'),
('D072','Dr. Divya Reddy','P072','MS','Urology','Urology'),
('D073','Dr. Meenakshi Sundaram','P073','MBBS','General Medicine','General Medicine'),
('D074','Dr. Karthik Raj','P074','MS','Orthopedics','Orthopedics'),
('D075','Dr. Priya Lakshmi','P075','MD','Pediatrics','Pediatrics'),
('D076','Dr. Suresh Nathan','P076','DM','Neurology','Neurology'),
('D077','Dr. Lakshmi Narayanan','P077','MD','Dermatology','Dermatology'),
('D078','Dr. Rohan Mehta','P078','MS','ENT','ENT'),
('D079','Dr. Nivedha Balaji','P079','MD','Gynecology','Gynecology'),
('D080','Dr. Vimal Krishnan','P080','DM','Oncology','Oncology'),
('D081','Dr. Anitha Venkatesan','P081','MD','Psychiatry','Psychiatry'),
('D082','Dr. Harish Iyer','P082','MD','Pulmonology','Pulmonology'),
('D083','Dr. Madhan R','P083','MS','Ophthalmology','Ophthalmology'),
('D084','Dr. Geetha Subramanian','P084','DM','Nephrology','Nephrology'),
('D085','Dr. Rajeswari Menon','P085','DM','Endocrinology','Endocrinology'),
('D086','Dr. Kiran Shankar','P086','DM','Gastroenterology','Gastroenterology'),
('D087','Dr. Yamuna Jayakumar','P087','MD','Rheumatology','Rheumatology'),
('D088','Dr. Pradeep Kumar','P088','DNB','Radiology','Radiology'),
('D089','Dr. Sahana Ramesh','P089','MD','Pathology','Pathology'),
('D090','Dr. Arjun Selvaraj','P090','DA','Anesthesiology','Anesthesiology'),
('D091','Dr. Vasanthi R','P091','MBBS','Emergency Medicine','Emergency Medicine'),
('D092','Dr. Bala Krishnan','P092','MS','Urology','Urology'),
('D093','Dr. Shwetha Gopal','P093','MD','Cardiology','Cardiology'),
('D094','Dr. Mani Srinivasan','P094','MS','Orthopedics','Orthopedics'),
('D095','Dr. Kavya Raman','P095','MD','Pediatrics','Pediatrics'),
('D096','Dr. Anil Chandran','P096','DM','Neurology','Neurology'),
('D097','Dr. Viji Narayan','P097','MD','Dermatology','Dermatology'),
('D098','Dr. Gopinath R','P098','MS','ENT','ENT'),
('D099','Dr. Ramya Sivasankaran','P099','MD','Gynecology','Gynecology'),
('D100','Dr. Sandeep Varma','P100','DM','Oncology','Oncology'),
('D101','Dr. Nila Krish','P101','MD','Psychiatry','Psychiatry'),
('D102','Dr. Ramesh Balan','P102','MD','Pulmonology','Pulmonology'),
('D103','Dr. Poornima Reddy','P103','MS','Ophthalmology','Ophthalmology'),
('D104','Dr. Vikram Natarajan','P104','DM','Nephrology','Nephrology'),
('D105','Dr. Renuka Iyer','P105','DM','Endocrinology','Endocrinology'),
('D106','Dr. Karthikeyan M','P106','DM','Gastroenterology','Gastroenterology'),
('D107','Dr. Selvi Arulanandam','P107','MD','Rheumatology','Rheumatology'),
('D108','Dr. Prakash V','P108','DNB','Radiology','Radiology'),
('D109','Dr. Anu Shankar','P109','MD','Pathology','Pathology'),
('D110','Dr. Laxman Perumal','P110','DA','Anesthesiology','Anesthesiology'),
('D111','Dr. Rekha Manohar','P111','MBBS','Emergency Medicine','Emergency Medicine'),
('D112','Dr. Arjun Prasad','P112','MS','Orthopedics','Orthopedics'),
('D113','Dr. Deepa Subash','P113','MD','Cardiology','Cardiology'),
('D114','Dr. Siva Kumar','P114','MS','Urology','Urology'),
('D115','Dr. Anjali Narayanan','P115','MD','Pediatrics','Pediatrics'),
('D116','Dr. Nitin Raj','P116','DM','Neurology','Neurology'),
('D117','Dr. Meera Krishnan','P117','MD','Dermatology','Dermatology'),
('D118','Dr. Harini R','P118','MS','ENT','ENT'),
('D119','Dr. Vijayalakshmi S','P119','MD','Gynecology','Gynecology'),
('D120','Dr. Raghavendra T','P120','DM','Oncology','Oncology'),
('D121','Dr. Brindha K','P121','MD','Psychiatry','Psychiatry'),
('D122','Dr. Pranav Shah','P122','MD','Pulmonology','Pulmonology'),
('D123','Dr. Nandhini G','P123','MS','Ophthalmology','Ophthalmology'),
('D124','Dr. Muthuvel','P124','DM','Nephrology','Nephrology'),
('D125','Dr. Yamini Prasad','P125','DM','Endocrinology','Endocrinology'),
('D126','Dr. Ajay Anand','P126','DM','Gastroenterology','Gastroenterology'),
('D127','Dr. Selma Joy','P127','MD','Rheumatology','Rheumatology'),
('D128','Dr. Raghunath K','P128','DNB','Radiology','Radiology'),
('D129','Dr. Lavanya S','P129','MD','Pathology','Pathology'),
('D130','Dr. Kiran Kumar','P130','DA','Anesthesiology','Anesthesiology'),
('D131','Dr. Shanthi V','P131','MBBS','Emergency Medicine','Emergency Medicine'),
('D132','Dr. Manoj Varadhan','P132','MS','Orthopedics','Orthopedics'),
('D133','Dr. Priyanka Menon','P133','MD','Cardiology','Cardiology'),
('D134','Dr. Arun Balaji','P134','MS','Urology','Urology'),
('D135','Dr. Sangeetha Raman','P135','MD','Pediatrics','Pediatrics'),
('D136','Dr. Rishi Kapoor','P136','DM','Neurology','Neurology'),
('D137','Dr. Shruthi N','P137','MD','Dermatology','Dermatology'),
('D138','Dr. Praveen S','P138','MS','ENT','ENT'),
('D139','Dr. Divakar Rao','P139','MD','Gynecology','Gynecology'),
('D140','Dr. Kavitha Sundar','P140','DM','Oncology','Oncology'),
('D141','Dr. Aravind Kumar','P141','MD','Cardiology','Cardiology'),
('D142','Dr. Divya Reddy','P142','MS','Urology','Urology'),
('D143','Dr. Meenakshi Sundaram','P143','MBBS','General Medicine','General Medicine'),
('D144','Dr. Karthik Raj','P144','MS','Orthopedics','Orthopedics'),
('D145','Dr. Priya Lakshmi','P145','MD','Pediatrics','Pediatrics'),
('D146','Dr. Suresh Nathan','P146','DM','Neurology','Neurology'),
('D147','Dr. Lakshmi Narayanan','P147','MD','Dermatology','Dermatology'),
('D148','Dr. Rohan Mehta','P148','MS','ENT','ENT'),
('D149','Dr. Nivedha Balaji','P149','MD','Gynecology','Gynecology'),
('D150','Dr. Vimal Krishnan','P150','DM','Oncology','Oncology'),
('D151','Dr. Anitha Venkatesan','P151','MD','Psychiatry','Psychiatry'),
('D152','Dr. Harish Iyer','P152','MD','Pulmonology','Pulmonology'),
('D153','Dr. Madhan R','P153','MS','Ophthalmology','Ophthalmology'),
('D154','Dr. Geetha Subramanian','P154','DM','Nephrology','Nephrology'),
('D155','Dr. Rajeswari Menon','P155','DM','Endocrinology','Endocrinology'),
('D156','Dr. Kiran Shankar','P156','DM','Gastroenterology','Gastroenterology'),
('D157','Dr. Yamuna Jayakumar','P157','MD','Rheumatology','Rheumatology'),
('D158','Dr. Pradeep Kumar','P158','DNB','Radiology','Radiology'),
('D159','Dr. Sahana Ramesh','P159','MD','Pathology','Pathology'),
('D160','Dr. Arjun Selvaraj','P160','DA','Anesthesiology','Anesthesiology'),
('D161','Dr. Vasanthi R','P161','MBBS','Emergency Medicine','Emergency Medicine'),
('D162','Dr. Bala Krishnan','P162','MS','Urology','Urology'),
('D163','Dr. Shwetha Gopal','P163','MD','Cardiology','Cardiology'),
('D164','Dr. Mani Srinivasan','P164','MS','Orthopedics','Orthopedics'),
('D165','Dr. Kavya Raman','P165','MD','Pediatrics','Pediatrics'),
('D166','Dr. Anil Chandran','P166','DM','Neurology','Neurology'),
('D167','Dr. Viji Narayan','P167','MD','Dermatology','Dermatology'),
('D168','Dr. Gopinath R','P168','MS','ENT','ENT'),
('D169','Dr. Ramya Sivasankaran','P169','MD','Gynecology','Gynecology'),
('D170','Dr. Sandeep Varma','P170','DM','Oncology','Oncology'),
('D171','Dr. Nila Krish','P171','MD','Psychiatry','Psychiatry'),
('D172','Dr. Ramesh Balan','P172','MD','Pulmonology','Pulmonology'),
('D173','Dr. Poornima Reddy','P173','MS','Ophthalmology','Ophthalmology'),
('D174','Dr. Vikram Natarajan','P174','DM','Nephrology','Nephrology'),
('D175','Dr. Renuka Iyer','P175','DM','Endocrinology','Endocrinology'),
('D176','Dr. Karthikeyan M','P176','DM','Gastroenterology','Gastroenterology'),
('D177','Dr. Selvi Arulanandam','P177','MD','Rheumatology','Rheumatology'),
('D178','Dr. Prakash V','P178','DNB','Radiology','Radiology'),
('D179','Dr. Anu Shankar','P179','MD','Pathology','Pathology'),
('D180','Dr. Laxman Perumal','P180','DA','Anesthesiology','Anesthesiology'),
('D181','Dr. Rekha Manohar','P181','MBBS','Emergency Medicine','Emergency Medicine'),
('D182','Dr. Arjun Prasad','P182','MS','Orthopedics','Orthopedics'),
('D183','Dr. Deepa Subash','P183','MD','Cardiology','Cardiology'),
('D184','Dr. Siva Kumar','P184','MS','Urology','Urology'),
('D185','Dr. Anjali Narayanan','P185','MD','Pediatrics','Pediatrics'),
('D186','Dr. Nitin Raj','P186','DM','Neurology','Neurology'),
('D187','Dr. Meera Krishnan','P187','MD','Dermatology','Dermatology'),
('D188','Dr. Harini R','P188','MS','ENT','ENT'),
('D189','Dr. Vijayalakshmi S','P189','MD','Gynecology','Gynecology'),
('D190','Dr. Raghavendra T','P190','DM','Oncology','Oncology'),
('D191','Dr. Brindha K','P191','MD','Psychiatry','Psychiatry'),
('D192','Dr. Pranav Shah','P192','MD','Pulmonology','Pulmonology'),
('D193','Dr. Nandhini G','P193','MS','Ophthalmology','Ophthalmology'),
('D194','Dr. Muthuvel','P194','DM','Nephrology','Nephrology'),
('D195','Dr. Yamini Prasad','P195','DM','Endocrinology','Endocrinology'),
('D196','Dr. Ajay Anand','P196','DM','Gastroenterology','Gastroenterology'),
('D197','Dr. Selma Joy','P197','MD','Rheumatology','Rheumatology'),
('D198','Dr. Raghunath K','P198','DNB','Radiology','Radiology'),
('D199','Dr. Lavanya S','P199','MD','Pathology','Pathology'),
('D200','Dr. Kiran Kumar','P200','DA','Anesthesiology','Anesthesiology'),
('D201','Dr. Shanthi V','P201','MBBS','Emergency Medicine','Emergency Medicine'),
('D202','Dr. Manoj Varadhan','P202','MS','Orthopedics','Orthopedics'),
('D203','Dr. Priyanka Menon','P203','MD','Cardiology','Cardiology'),
('D204','Dr. Arun Balaji','P204','MS','Urology','Urology'),
('D205','Dr. Sangeetha Raman','P205','MD','Pediatrics','Pediatrics'),
('D206','Dr. Rishi Kapoor','P206','DM','Neurology','Neurology'),
('D207','Dr. Shruthi N','P207','MD','Dermatology','Dermatology'),
('D208','Dr. Praveen S','P208','MS','ENT','ENT'),
('D209','Dr. Divakar Rao','P209','MD','Gynecology','Gynecology'),
('D210','Dr. Kavitha Sundar','P210','DM','Oncology','Oncology'),
('D211','Dr. Aravind Kumar','P211','MD','Cardiology','Cardiology'),
('D212','Dr. Divya Reddy','P212','MS','Urology','Urology'),
('D213','Dr. Meenakshi Sundaram','P213','MBBS','General Medicine','General Medicine'),
('D214','Dr. Karthik Raj','P214','MS','Orthopedics','Orthopedics'),
('D215','Dr. Priya Lakshmi','P215','MD','Pediatrics','Pediatrics'),
('D216','Dr. Suresh Nathan','P216','DM','Neurology','Neurology'),
('D217','Dr. Lakshmi Narayanan','P217','MD','Dermatology','Dermatology'),
('D218','Dr. Rohan Mehta','P218','MS','ENT','ENT'),
('D219','Dr. Nivedha Balaji','P219','MD','Gynecology','Gynecology'),
('D220','Dr. Vimal Krishnan','P220','DM','Oncology','Oncology'),
('D221','Dr. Anitha Venkatesan','P221','MD','Psychiatry','Psychiatry'),
('D222','Dr. Harish Iyer','P222','MD','Pulmonology','Pulmonology'),
('D223','Dr. Madhan R','P223','MS','Ophthalmology','Ophthalmology'),
('D224','Dr. Geetha Subramanian','P224','DM','Nephrology','Nephrology'),
('D225','Dr. Rajeswari Menon','P225','DM','Endocrinology','Endocrinology'),
('D226','Dr. Kiran Shankar','P226','DM','Gastroenterology','Gastroenterology'),
('D227','Dr. Yamuna Jayakumar','P227','MD','Rheumatology','Rheumatology'),
('D228','Dr. Pradeep Kumar','P228','DNB','Radiology','Radiology'),
('D229','Dr. Sahana Ramesh','P229','MD','Pathology','Pathology'),
('D230','Dr. Arjun Selvaraj','P230','DA','Anesthesiology','Anesthesiology'),
('D231','Dr. Vasanthi R','P231','MBBS','Emergency Medicine','Emergency Medicine'),
('D232','Dr. Bala Krishnan','P232','MS','Urology','Urology'),
('D233','Dr. Shwetha Gopal','P233','MD','Cardiology','Cardiology'),
('D234','Dr. Mani Srinivasan','P234','MS','Orthopedics','Orthopedics'),
('D235','Dr. Kavya Raman','P235','MD','Pediatrics','Pediatrics'),
('D236','Dr. Anil Chandran','P236','DM','Neurology','Neurology'),
('D237','Dr. Viji Narayan','P237','MD','Dermatology','Dermatology'),
('D238','Dr. Gopinath R','P238','MS','ENT','ENT'),
('D239','Dr. Ramya Sivasankaran','P239','MD','Gynecology','Gynecology'),
('D240','Dr. Sandeep Varma','P240','DM','Oncology','Oncology'),
('D241','Dr. Nila Krish','P241','MD','Psychiatry','Psychiatry'),
('D242','Dr. Ramesh Balan','P242','MD','Pulmonology','Pulmonology'),
('D243','Dr. Poornima Reddy','P243','MS','Ophthalmology','Ophthalmology'),
('D244','Dr. Vikram Natarajan','P244','DM','Nephrology','Nephrology'),
('D245','Dr. Renuka Iyer','P245','DM','Endocrinology','Endocrinology'),
('D246','Dr. Karthikeyan M','P246','DM','Gastroenterology','Gastroenterology'),
('D247','Dr. Selvi Arulanandam','P247','MD','Rheumatology','Rheumatology'),
('D248','Dr. Prakash V','P248','DNB','Radiology','Radiology'),
('D249','Dr. Anu Shankar','P249','MD','Pathology','Pathology'),
('D250','Dr. Laxman Perumal','P250','DA','Anesthesiology','Anesthesiology'),
('D251','Dr. Rekha Manohar','P251','MBBS','Emergency Medicine','Emergency Medicine'),
('D252','Dr. Arjun Prasad','P252','MS','Orthopedics','Orthopedics'),
('D253','Dr. Deepa Subash','P253','MD','Cardiology','Cardiology'),
('D254','Dr. Siva Kumar','P254','MS','Urology','Urology'),
('D255','Dr. Anjali Narayanan','P255','MD','Pediatrics','Pediatrics'),
('D256','Dr. Nitin Raj','P256','DM','Neurology','Neurology'),
('D257','Dr. Meera Krishnan','P257','MD','Dermatology','Dermatology'),
('D258','Dr. Harini R','P258','MS','ENT','ENT'),
('D259','Dr. Vijayalakshmi S','P259','MD','Gynecology','Gynecology'),
('D260','Dr. Raghavendra T','P260','DM','Oncology','Oncology'),
('D261','Dr. Brindha K','P261','MD','Psychiatry','Psychiatry'),
('D262','Dr. Pranav Shah','P262','MD','Pulmonology','Pulmonology'),
('D263','Dr. Nandhini G','P263','MS','Ophthalmology','Ophthalmology'),
('D264','Dr. Muthuvel','P264','DM','Nephrology','Nephrology'),
('D265','Dr. Yamini Prasad','P265','DM','Endocrinology','Endocrinology'),
('D266','Dr. Ajay Anand','P266','DM','Gastroenterology','Gastroenterology'),
('D267','Dr. Selma Joy','P267','MD','Rheumatology','Rheumatology'),
('D268','Dr. Raghunath K','P268','DNB','Radiology','Radiology'),
('D269','Dr. Lavanya S','P269','MD','Pathology','Pathology'),
('D270','Dr. Kiran Kumar','P270','DA','Anesthesiology','Anesthesiology'),
('D271','Dr. Shanthi V','P271','MBBS','Emergency Medicine','Emergency Medicine'),
('D272','Dr. Manoj Varadhan','P272','MS','Orthopedics','Orthopedics'),
('D273','Dr. Priyanka Menon','P273','MD','Cardiology','Cardiology'),
('D274','Dr. Arun Balaji','P274','MS','Urology','Urology'),
('D275','Dr. Sangeetha Raman','P275','MD','Pediatrics','Pediatrics'),
('D276','Dr. Rishi Kapoor','P276','DM','Neurology','Neurology'),
('D277','Dr. Shruthi N','P277','MD','Dermatology','Dermatology'),
('D278','Dr. Praveen S','P278','MS','ENT','ENT'),
('D279','Dr. Divakar Rao','P279','MD','Gynecology','Gynecology'),
('D280','Dr. Kavitha Sundar','P280','DM','Oncology','Oncology'),
('D281','Dr. Aravind Kumar','P281','MD','Cardiology','Cardiology'),
('D282','Dr. Divya Reddy','P282','MS','Urology','Urology'),
('D283','Dr. Meenakshi Sundaram','P283','MBBS','General Medicine','General Medicine'),
('D284','Dr. Karthik Raj','P284','MS','Orthopedics','Orthopedics'),
('D285','Dr. Priya Lakshmi','P285','MD','Pediatrics','Pediatrics'),
('D286','Dr. Suresh Nathan','P286','DM','Neurology','Neurology'),
('D287','Dr. Lakshmi Narayanan','P287','MD','Dermatology','Dermatology'),
('D288','Dr. Rohan Mehta','P288','MS','ENT','ENT'),
('D289','Dr. Nivedha Balaji','P289','MD','Gynecology','Gynecology'),
('D290','Dr. Vimal Krishnan','P290','DM','Oncology','Oncology'),
('D291','Dr. Anitha Venkatesan','P291','MD','Psychiatry','Psychiatry'),
('D292','Dr. Harish Iyer','P292','MD','Pulmonology','Pulmonology'),
('D293','Dr. Madhan R','P293','MS','Ophthalmology','Ophthalmology'),
('D294','Dr. Geetha Subramanian','P294','DM','Nephrology','Nephrology'),
('D295','Dr. Rajeswari Menon','P295','DM','Endocrinology','Endocrinology'),
('D296','Dr. Kiran Shankar','P296','DM','Gastroenterology','Gastroenterology'),
('D297','Dr. Yamuna Jayakumar','P297','MD','Rheumatology','Rheumatology'),
('D298','Dr. Pradeep Kumar','P298','DNB','Radiology','Radiology'),
('D299','Dr. Sahana Ramesh','P299','MD','Pathology','Pathology'),
('D300','Dr. Arjun Selvaraj','P300','DA','Anesthesiology','Anesthesiology'),
('D301','Dr. Vasanthi R','P301','MBBS','Emergency Medicine','Emergency Medicine'),
('D302','Dr. Bala Krishnan','P302','MS','Urology','Urology'),
('D303','Dr. Shwetha Gopal','P303','MD','Cardiology','Cardiology'),
('D304','Dr. Mani Srinivasan','P304','MS','Orthopedics','Orthopedics'),
('D305','Dr. Kavya Raman','P305','MD','Pediatrics','Pediatrics'),
('D306','Dr. Anil Chandran','P306','DM','Neurology','Neurology'),
('D307','Dr. Viji Narayan','P307','MD','Dermatology','Dermatology'),
('D308','Dr. Gopinath R','P308','MS','ENT','ENT'),
('D309','Dr. Ramya Sivasankaran','P309','MD','Gynecology','Gynecology'),
('D310','Dr. Sandeep Varma','P310','DM','Oncology','Oncology'),
('D311','Dr. Nila Krish','P311','MD','Psychiatry','Psychiatry'),
('D312','Dr. Ramesh Balan','P312','MD','Pulmonology','Pulmonology'),
('D313','Dr. Poornima Reddy','P313','MS','Ophthalmology','Ophthalmology'),
('D314','Dr. Vikram Natarajan','P314','DM','Nephrology','Nephrology'),
('D315','Dr. Renuka Iyer','P315','DM','Endocrinology','Endocrinology'),
('D316','Dr. Karthikeyan M','P316','DM','Gastroenterology','Gastroenterology'),
('D317','Dr. Selvi Arulanandam','P317','MD','Rheumatology','Rheumatology'),
('D318','Dr. Prakash V','P318','DNB','Radiology','Radiology'),
('D319','Dr. Anu Shankar','P319','MD','Pathology','Pathology'),
('D320','Dr. Laxman Perumal','P320','DA','Anesthesiology','Anesthesiology');

create table prescription
(
prescription_id varchar(50) primary key,
patient_id varchar(50),
doctor_id varchar(50), 
medication varchar(50),
dosage varchar(50),
notes varchar(250),
foreign key (patient_id) references patients(patient_id),
foreign key (doctor_id) references doctors(doctor_id)
);

INSERT INTO prescription (prescription_id, patient_id, doctor_id, medication, dosage, notes) VALUES
('PR001','P001','D001','Ecosprin 75','75mg once daily','Take after breakfast to prevent blood clots'),
('PR002','P002','D002','Atorva 10','10mg once daily','Take at night for cholesterol control'),
('PR003','P003','D003','Metformin 500','500mg twice daily','Take after meals for sugar control'),
('PR004','P004','D004','Amaryl 2','2mg once daily','Take before breakfast for diabetes'),
('PR005','P005','D005','Telma 40','40mg once daily','Take in the morning for BP control'),
('PR006','P006','D006','Losar 50','50mg once daily','Take after breakfast for hypertension'),
('PR007','P007','D007','Amlong 5','5mg once daily','Take in the morning with water'),
('PR008','P008','D008','Met XL 25','25mg once daily','Take after breakfast for BP and heart rate control'),
('PR009','P009','D009','Pantocid DSR','Once daily before food','Take before breakfast for acidity'),
('PR010','P010','D010','Domstal','10mg thrice daily','Take before meals for nausea relief'),
('PR011','P011','D011','Augmentin 625','625mg twice daily','Take after food for 5 days'),
('PR012','P012','D012','Cefixime 200','200mg twice daily','Take after meals for infection'),
('PR013','P013','D013','Azithral 500','500mg once daily','Take after lunch for 3 days'),
('PR014','P014','D014','Dolo 650','650mg every 6 hours','Take with water if fever or pain'),
('PR015','P015','D015','Crocin Advance','500mg every 6 hours','Take for mild fever or headache'),
('PR016','P016','D016','Allegra 120','120mg once daily','Take in the morning for allergy relief'),
('PR017','P017','D017','Cetirizine','10mg once at night','Take before sleep for allergy'),
('PR018','P018','D018','Montair LC','Once daily at night','Take after dinner for sneezing and cold'),
('PR019','P019','D019','Zifi 200','200mg twice daily','Take after food for bacterial infection'),
('PR020','P020','D020','Roxid 150','150mg twice daily','Take after food for throat infection'),
('PR021','P021','D021','Calpol 500','500mg every 6 hours','Take for fever or mild pain'),
('PR022','P022','D022','Sinarest','Twice daily','Take after food for cold relief'),
('PR023','P023','D023','Metrogyl 400','400mg thrice daily','Take after meals for stomach infection'),
('PR024','P024','D024','Oflox OZ','Twice daily','Take after food for gut infection'),
('PR025','P025','D025','Rantac 150','Before breakfast','Take for acidity relief'),
('PR026','P026','D026','Pantop 40','Once daily before food','Take before breakfast for gastritis'),
('PR027','P027','D027','Rabekind DSR','Once daily','Take before food for acid reflux'),
('PR028','P028','D028','Sucralfate','10ml before meals','Take 3 times daily for ulcer protection'),
('PR029','P029','D029','Taxim O 200','200mg twice daily','Take after meals for bacterial infections'),
('PR030','P030','D030','Clavam 625','625mg twice daily','Take after meals for sinus infection'),
('PR031','P031','D031','Levoflox 500','500mg once daily','Take after lunch for 5 days'),
('PR032','P032','D032','Augmentin 625','625mg twice daily','For ear or throat infections'),
('PR033','P033','D033','Telekast F','Once daily at night','For asthma or allergic cold'),
('PR034','P034','D034','Budesonide Inhaler','1 puff twice daily','Inhale morning and night for asthma'),
('PR035','P035','D035','Seroflo 250','1 puff twice daily','Use regularly for breathing ease'),
('PR036','P036','D036','Salbutamol','2mg thrice daily','Take before meals for wheezing'),
('PR037','P037','D037','Thyronorm 50','50mcg once daily','Take before breakfast for thyroid balance'),
('PR038','P038','D038','Eltroxin 75','75mcg once daily','Take in the morning empty stomach'),
('PR039','P039','D039','Calcirol','Once weekly','For bone strength and vitamin D support'),
('PR040','P040','D040','Shelcal 500','500mg once daily','Take after food for calcium supplement'),
('PR041','P041','D041','Neurobion Forte','Once daily','Take after breakfast for nerve support'),
('PR042','P042','D042','Evion 400','400mg once daily','Take after food for vitamin E supplement'),
('PR043','P043','D043','Aceclofenac','100mg twice daily','Take after meals for pain relief'),
('PR044','P044','D044','Zerodol SP','Twice daily','Take after food for muscle pain'),
('PR045','P045','D045','Flexura D','Twice daily','Take after food for back or muscle pain'),
('PR046','P046','D046','Nurokind Plus','Once daily','Take after breakfast for nerve pain'),
('PR047','P047','D047','Betadine Gargle','Use twice daily','For sore throat relief'),
('PR048','P048','D048','T-Bact Ointment','Apply twice daily','For skin infections'),
('PR049','P049','D049','Fucidin Cream','Apply twice daily','For bacterial skin lesions'),
('PR050','P050','D050','Candid Dusting Powder','Apply twice daily','For fungal infection'),
('PR051','P051','D051','Dermadew Soap','Use daily','Maintain skin hygiene'),
('PR052','P052','D052','Lulibet Cream','Apply twice daily','For skin rash'),
('PR053','P053','D053','Betnovate N','Apply once daily','For eczema or rash'),
('PR054','P054','D054','Ebernet Cream','Apply at night','For fungal infection'),
('PR055','P055','D055','Tenovate','Apply twice daily','For psoriasis'),
('PR056','P056','D056','Aziderm 10%','Apply once at night','For acne control'),
('PR057','P057','D057','Clindac A','Apply twice daily','For pimples and acne marks'),
('PR058','P058','D058','Melalite Forte','Apply at night','For pigmentation'),
('PR059','P059','D059','Kojic Cream','Apply at night','For skin brightening'),
('PR060','P060','D060','Liv 52','Twice daily','Take after meals for liver health'),
('PR061','P061','D061','Udiliv 300','300mg twice daily','Take after meals for liver protection'),
('PR062','P062','D062','Hepamerz','1 sachet daily','Dissolve in water for liver detox'),
('PR063','P063','D063','Silybon 140','140mg twice daily','Take after meals for liver function'),
('PR064','P064','D064','Lactulose','15ml at night','For constipation relief'),
('PR065','P065','D065','Duphalac','15ml once daily','Take at night for constipation'),
('PR066','P066','D066','Cremaffin Plus','15ml once daily','Take before sleep for bowel movement'),
('PR067','P067','D067','Zincovit','Once daily','Take after food for immunity'),
('PR068','P068','D068','Becosules','Once daily','Take after breakfast for energy'),
('PR069','P069','D069','Shelcal HD','Once daily','Take after meals for calcium and vitamin D'),
('PR070','P070','D070','Uprise D3 60K','Once weekly','Take with milk for vitamin D'),
('PR071','P071','D071','Omez D','Once daily','Take before breakfast for acidity'),
('PR072','P072','D072','Dexorange','15ml twice daily','Take after food for iron deficiency'),
('PR073','P073','D073','Livogen','Once daily','Take after lunch for iron supplement'),
('PR074','P074','D074','Limcee 500','500mg once daily','Take after meals for vitamin C'),
('PR075','P075','D075','Evion LC','Once daily','Take after breakfast for vitality'),
('PR076','P076','D076','Dolo 650','650mg every 8 hours','Take with water for fever'),
('PR077','P077','D077','Crocin Pain Relief','500mg every 6 hours','Take if pain persists'),
('PR078','P078','D078','Brufen 400','400mg thrice daily','Take after meals for pain'),
('PR079','P079','D079','Naprosyn 250','250mg twice daily','Take after food for muscle pain'),
('PR080','P080','D080','Zerodol P','Twice daily','Take after meals for inflammation'),
('PR081','P081','D081','Drotin DS','Twice daily','Take after meals for stomach cramps'),
('PR082','P082','D082','Cyclopam','Twice daily','Take after food for abdominal pain'),
('PR083','P083','D083','Buscopan','Twice daily','Take after food for stomach spasm'),
('PR084','P084','D084','Meftal Spas','Thrice daily','Take after meals for menstrual cramps'),
('PR085','P085','D085','Tranexa 500','500mg twice daily','Take after meals for heavy bleeding'),
('PR086','P086','D086','Susten 200','200mg at night','Take as advised during pregnancy'),
('PR087','P087','D087','Folvite','Once daily','Take after breakfast for folic acid'),
('PR088','P088','D088','Gestofit 200','200mg once daily','Take at night as advised'),
('PR089','P089','D089','Mecobalamin','500mcg once daily','Take for nerve weakness'),
('PR090','P090','D090','Nexito 10','10mg once daily','Take at night for anxiety'),
('PR091','P091','D091','Clonotril 0.25','0.25mg at night','Take before sleep for relaxation'),
('PR092','P092','D092','Stresnil 5','5mg once daily','Take after dinner for calmness'),
('PR093','P093','D093','Serlift 50','50mg once daily','Take in morning for mood balance'),
('PR094','P094','D094','Lonazep 0.5','0.5mg at night','Take before sleep for anxiety'),
('PR095','P095','D095','Olanzapine 5','5mg at night','Take for sleep and mood stability'),
('PR096','P096','D096','Haloperidol 1.5','1.5mg twice daily','Take after food as per psychiatrist advice'),
('PR097','P097','D097','Zolfresh 5','5mg at night','Take before bed for insomnia'),
('PR098','P098','D098','Citalopram 10','10mg once daily','Take after breakfast for depression'),
('PR099','P099','D099','Risperidone 2','2mg once daily','Take as per psychiatric consultation'),
('PR100','P100','D100','Trika 0.25','0.25mg once daily','Take for anxiety relief at night'),
('PR101','P101','D101','Prolomet XL 25','25mg once daily','Take in morning for heart health'),
('PR102','P102','D102','Telma AM','Once daily','Take after breakfast for BP'),
('PR103','P103','D103','Amlodac 5','5mg once daily','Take in morning for BP control'),
('PR104','P104','D104','Clopitab 75','75mg once daily','Take after food for cardiac protection'),
('PR105','P105','D105','Atorlip 10','10mg at night','Take for cholesterol control'),
('PR106','P106','D106','Ecosprin AV 75','Once daily','Take after breakfast for heart care'),
('PR107','P107','D107','Metpure XL 25','Once daily','Take after breakfast for BP'),
('PR108','P108','D108','Cardace 2.5','Once daily','Take in morning for BP'),
('PR109','P109','D109','Nexpro 40','Once daily before food','Take before breakfast for acidity'),
('PR110','P110','D110','Pan 40','Once daily before breakfast','Take before food for reflux'),
('PR111','P111','D111','Aciloc 150','150mg once daily','Take before meals for acidity control'),
('PR112','P112','D112','Omez 20','20mg once daily','Take before breakfast for acid reflux'),
('PR113','P113','D113','Rantac 300','300mg once daily','Take before food for gastritis'),
('PR114','P114','D114','Pentacid DSR','Once daily','Take before breakfast for acidity relief'),
('PR115','P115','D115','Pan D','Once daily before food','Take before meals for stomach protection'),
('PR116','P116','D116','Pantodac 40','40mg once daily','Take before breakfast for reflux'),
('PR117','P117','D117','Dexilant 60','60mg once daily','Take before meals for GERD'),
('PR118','P118','D118','Esomac 40','40mg once daily','Take before food for gastritis'),
('PR119','P119','D119','Domperidone','10mg before meals','Take thrice daily for nausea'),
('PR120','P120','D120','Ondem 4','4mg as needed','Take for vomiting relief'),
('PR121','P121','D121','Cetrizine','10mg at night','Take before sleep for allergies'),
('PR122','P122','D122','Levocet M','Once daily','Take in evening for cold and sneezing'),
('PR123','P123','D123','Fexofenadine 180','180mg once daily','Take after breakfast for allergy'),
('PR124','P124','D124','Montair FX','Once daily at night','Take after dinner for allergic rhinitis'),
('PR125','P125','D125','Telekast L','Once daily at night','Take for dust or seasonal allergy'),
('PR126','P126','D126','Cetcip L','Once daily','Take for allergic reactions'),
('PR127','P127','D127','Azee 500','500mg once daily','Take after lunch for throat infection'),
('PR128','P128','D128','Taxim O 200','200mg twice daily','Take after meals for bacterial infection'),
('PR129','P129','D129','Amoxycillin 500','500mg thrice daily','Take after food for 5 days'),
('PR130','P130','D130','Azithral 250','250mg once daily','Take after lunch for 3 days'),
('PR131','P131','D131','Clavam 625','625mg twice daily','Take after meals for ear or sinus infection'),
('PR132','P132','D132','Levoflox 750','750mg once daily','Take after food for chest infection'),
('PR133','P133','D133','Augmentin 375','375mg twice daily','Take after meals for mild infection'),
('PR134','P134','D134','Cefuroxime 500','500mg twice daily','Take after food for infection'),
('PR135','P135','D135','Moxikind CV','625mg twice daily','Take after food for 5 days'),
('PR136','P136','D136','Doxy 100','100mg twice daily','Take after food for bacterial infection'),
('PR137','P137','D137','Oflox 200','200mg twice daily','Take after meals for infection'),
('PR138','P138','D138','Metrogyl 400','400mg thrice daily','Take after meals for stomach infection'),
('PR139','P139','D139','Tiniba 500','500mg twice daily','Take after meals for stomach upset'),
('PR140','P140','D140','Normaxin','Thrice daily','Take after food for IBS symptoms'),
('PR141','P141','D141','Lactifiber','1 sachet at night','Mix with water for constipation'),
('PR142','P142','D142','Cremaffin','15ml before sleep','For constipation relief'),
('PR143','P143','D143','Dulcolax','5mg at bedtime','Take for constipation as needed'),
('PR144','P144','D144','Senna Tablets','2 tablets at night','Take for constipation relief'),
('PR145','P145','D145','Zerodol MR','Twice daily','Take after food for back pain'),
('PR146','P146','D146','Ace Proxyvon','Twice daily','Take after meals for joint pain'),
('PR147','P147','D147','Etoshine 60','60mg once daily','Take after food for muscle pain'),
('PR148','P148','D148','Flexura D','Twice daily','Take after meals for muscle relaxation'),
('PR149','P149','D149','Nucoxia 90','90mg once daily','Take after meals for joint pain'),
('PR150','P150','D150','Calcirol Sachet','Once weekly','Take with milk for bone health'),
('PR151','P151','D151','Gemcal DS','Once daily','Take after meals for calcium support'),
('PR152','P152','D152','Shelcal 500','Once daily','Take after food for bone health'),
('PR153','P153','D153','Renerve Plus','Once daily','Take after breakfast for nerve strength'),
('PR154','P154','D154','Nurokind Gold','Once daily','Take after breakfast for neuropathy'),
('PR155','P155','D155','Evion 400','Once daily','Take after lunch for vitamin E'),
('PR156','P156','D156','Becosules','Once daily','Take after breakfast for B-complex'),
('PR157','P157','D157','Neurobion Forte','Once daily','Take after breakfast for nerve pain'),
('PR158','P158','D158','Calcirol D3','Once weekly','Take with milk for vitamin D'),
('PR159','P159','D159','Uprise D3 60K','Once weekly','Take with food for vitamin D'),
('PR160','P160','D160','Limcee 500','500mg daily','Take after breakfast for vitamin C'),
('PR161','P161','D161','Thyronorm 75','75mcg daily','Take empty stomach in the morning'),
('PR162','P162','D162','Eltroxin 100','100mcg daily','Take before breakfast for thyroid'),
('PR163','P163','D163','Ecosprin AV 75','Once daily','Take after breakfast for heart health'),
('PR164','P164','D164','Atorva 20','20mg once daily','Take at night for cholesterol'),
('PR165','P165','D165','Clopitab A 75','Once daily','Take after breakfast for cardiac protection'),
('PR166','P166','D166','Telma H','Once daily','Take after food for BP control'),
('PR167','P167','D167','Olmezest 40','Once daily','Take in morning for BP'),
('PR168','P168','D168','Metpure XL 50','Once daily','Take in morning for heart health'),
('PR169','P169','D169','Amlong 10','10mg once daily','Take in morning for BP control'),
('PR170','P170','D170','Stamlo Beta','Once daily','Take in morning for BP'),
('PR171','P171','D171','Nexito Plus','Once daily','Take at night for anxiety'),
('PR172','P172','D172','Etizola 0.5','0.5mg once daily','Take at bedtime for relaxation'),
('PR173','P173','D173','Zolfresh 10','10mg at night','Take before bed for insomnia'),
('PR174','P174','D174','Lonazep 1','1mg once daily','Take before bed for calm sleep'),
('PR175','P175','D175','Sertraline 50','50mg once daily','Take in morning for mood balance'),
('PR176','P176','D176','Fluoxetine 20','20mg once daily','Take after breakfast for depression'),
('PR177','P177','D177','Clonazepam 0.25','0.25mg at night','Take before bed for anxiety'),
('PR178','P178','D178','Mirtaz 7.5','7.5mg at night','Take before bed for depression'),
('PR179','P179','D179','T. Oleanz 5','5mg at night','Take after dinner for mood control'),
('PR180','P180','D180','Quitipin 25','25mg at night','Take for anxiety and sleep'),
('PR181','P181','D181','Folvite','Once daily','Take after breakfast for folic acid'),
('PR182','P182','D182','Fefol','Once daily','Take after lunch for iron supplement'),
('PR183','P183','D183','Ferium XT','Once daily','Take after meals for iron deficiency'),
('PR184','P184','D184','Livogen','Once daily','Take after food for hemoglobin improvement'),
('PR185','P185','D185','Dexorange','10ml twice daily','Take after meals for anemia'),
('PR186','P186','D186','Evion 600','Once daily','Take after lunch for energy'),
('PR187','P187','D187','Calvit 500','Once daily','Take after meals for calcium'),
('PR188','P188','D188','Becosules Plus','Once daily','Take after food for vitamins'),
('PR189','P189','D189','Dolo 650','650mg every 6 hours','Take if fever or body ache'),
('PR190','P190','D190','Combiflam','500mg twice daily','Take after meals for pain relief'),
('PR191','P191','D191','Brufen 400','400mg thrice daily','Take after food for joint pain'),
('PR192','P192','D192','Aceclofenac 100','100mg twice daily','Take after meals for back pain'),
('PR193','P193','D193','Meftal Forte','500mg twice daily','Take after meals for menstrual pain'),
('PR194','P194','D194','Drotin DS','Twice daily','Take after meals for stomach cramps'),
('PR195','P195','D195','Cyclopam','Twice daily','Take after food for stomach pain'),
('PR196','P196','D196','Pan DSR','Once daily before food','Take before breakfast for acidity'),
('PR197','P197','D197','Pantocid 40','Once daily before meals','Take before breakfast for acid reflux'),
('PR198','P198','D198','Nexpro RD','Once daily before food','Take before breakfast for gastritis'),
('PR199','P199','D199','Razo D','Once daily before food','Take before meals for reflux'),
('PR200','P200','D200','Somac 40','Once daily','Take before breakfast for acid control'),
('PR201','P201','D201','Cefix 200','200mg twice daily','Take after food for infection'),
('PR202','P202','D202','Azee 250','250mg once daily','Take after lunch for 3 days'),
('PR203','P203','D203','Ciplox 500','500mg twice daily','Take after meals for UTI'),
('PR204','P204','D204','Zifi 200','200mg twice daily','Take after meals for bacterial infection'),
('PR205','P205','D205','Levoflox 500','500mg once daily','Take after food for chest infection'),
('PR206','P206','D206','Augmentin 625','625mg twice daily','Take after meals for throat infection'),
('PR207','P207','D207','Moxikind CV 625','625mg twice daily','Take after meals for 5 days'),
('PR208','P208','D208','Azithral 500','500mg once daily','Take after lunch for infection'),
('PR209','P209','D209','Doxy 100','100mg twice daily','Take after food for 7 days'),
('PR210','P210','D210','Taxim O 200','200mg twice daily','Take after meals for bacterial control'),
('PR211','P211','D211','Acivir 400','400mg thrice daily','Take after meals for viral infection'),
('PR212','P212','D212','Valacyclovir 500','500mg twice daily','Take after meals for viral control'),
('PR213','P213','D213','Acyclovir Cream','Apply twice daily','Apply on affected area for viral sores'),
('PR214','P214','D214','Betadine Ointment','Apply twice daily','For wound healing and disinfection'),
('PR215','P215','D215','Neosporin Powder','Apply twice daily','For wound care'),
('PR216','P216','D216','T Bact Cream','Apply twice daily','For bacterial skin infection'),
('PR217','P217','D217','Clop G Cream','Apply once daily','For fungal and bacterial infection'),
('PR218','P218','D218','Lulibet Cream','Apply twice daily','For skin rash'),
('PR219','P219','D219','Candid B Cream','Apply twice daily','For fungal infection and itching'),
('PR220','P220','D220','Ketoconazole Shampoo','Use twice weekly','For dandruff and scalp fungal infection'),
('PR221', 'P221', 'D221', 'Telma 40', '40mg morning', 'Control blood pressure daily'),
('PR222', 'P222', 'D222', 'Losar H', '1 tab daily', 'BP and heart protection'),
('PR223', 'P223', 'D223', 'Ecosprin AV 150', '1 cap after breakfast', 'Heart health maintenance'),
('PR224', 'P224', 'D224', 'Clopitab 75', '75mg once daily', 'Antiplatelet medicine'),
('PR225', 'P225', 'D225', 'Atorva 20', '20mg at night', 'Cholesterol control'),
('PR226', 'P226', 'D226', 'Rosuvas 10', '10mg after dinner', 'Lowers bad cholesterol'),
('PR227', 'P227', 'D227', 'Janumet 50/500', '1 tab morning', 'Sugar control for diabetics'),
('PR228', 'P228', 'D228', 'Glycomet GP2', '1 tab twice daily', 'After meals for diabetes'),
('PR229', 'P229', 'D229', 'Zoryl M1', '1 tab twice daily', 'Helps control blood sugar'),
('PR230', 'P230', 'D230', 'Thyronorm 100', '1 tab morning empty stomach', 'Thyroid hormone supplement'),
('PR231', 'P231', 'D231', 'Ecosprin 150', '150mg after breakfast', 'Cardiac protection therapy'),
('PR232', 'P232', 'D232', 'Aztor 10', '1 tab after dinner', 'Lowers cholesterol'),
('PR233', 'P233', 'D233', 'Telma H', '1 tab morning', 'Control high blood pressure'),
('PR234', 'P234', 'D234', 'Pantocid DSR', 'Before breakfast', 'Reduces acid reflux'),
('PR235', 'P235', 'D235', 'Razo D', 'Before meals', 'Controls gastric reflux'),
('PR236', 'P236', 'D236', 'Domstal', 'Before lunch', 'Prevents vomiting and nausea'),
('PR237', 'P237', 'D237', 'Ondem 4', 'Before travel', 'Prevents motion sickness'),
('PR238', 'P238', 'D238', 'Digene', 'After meals', 'For acidity relief'),
('PR239', 'P239', 'D239', 'Ulgel', '10ml after meals', 'Neutralizes stomach acid'),
('PR240', 'P240', 'D240', 'Meftal Spas', 'As needed', 'For abdominal cramps'),
('PR241', 'P241', 'D241', 'Cyclopam', 'As needed', 'Pain relief during cramps'),
('PR242', 'P242', 'D242', 'Dolo 650', '650mg as required', 'Fever or mild pain relief'),
('PR243', 'P243', 'D243', 'Paracetamol 500', '500mg every 6 hrs', 'Take with water'),
('PR244', 'P244', 'D244', 'Combiflam', '1 tab twice daily', 'Pain and inflammation relief'),
('PR245', 'P245', 'D245', 'Flexura D', '1 tab twice daily', 'Muscle relaxant for back pain'),
('PR246', 'P246', 'D246', 'Zerodol P', '1 tab as needed', 'Joint and arthritis pain relief'),
('PR247', 'P247', 'D247', 'Nicip Plus', '1 tab twice daily', 'Pain and fever control'),
('PR248', 'P248', 'D248', 'Hifenac MR', '1 tab twice daily', 'For muscle and joint pain'),
('PR249', 'P249', 'D249', 'Pan D', 'Before breakfast', 'Acidity prevention'),
('PR250', 'P250', 'D250', 'Pantoprazole 40', '1 tab morning', 'Acid reflux control'),
('PR251', 'P251', 'D251', 'Rantac 150', '150mg twice daily', 'For acidity and gas relief'),
('PR252', 'P252', 'D252', 'Omez 20', 'Before meals', 'For gastric issues'),
('PR253', 'P253', 'D253', 'Lantus Insulin', '10 units morning', 'For diabetic patients'),
('PR254', 'P254', 'D254', 'Mixtard 30/70', '8 units twice daily', 'Insulin control for diabetes'),
('PR255', 'P255', 'D255', 'Amaryl 2', '1 tab daily', 'Blood sugar control'),
('PR256', 'P256', 'D256', 'Trajenta Duo', '1 tab daily', 'Diabetes combination tablet'),
('PR257', 'P257', 'D257', 'Telma 20', '20mg morning', 'Blood pressure medication'),
('PR258', 'P258', 'D258', 'Losar 25', '25mg daily', 'BP control'),
('PR259', 'P259', 'D259', 'Met XL 25', '25mg after breakfast', 'For heart rate and BP'),
('PR260', 'P260', 'D260', 'Betaloc 50', '50mg daily', 'Heart protection and BP control'),
('PR261', 'P261', 'D261', 'Rosuvas F 10', '10mg at night', 'Lipid-lowering therapy'),
('PR262', 'P262', 'D262', 'Crestor 10', '1 tab daily', 'Cholesterol control'),
('PR263', 'P263', 'D263', 'Ecosprin Gold', '1 cap after food', 'Heart and cholesterol protection'),
('PR264', 'P264', 'D264', 'Telma AM', '1 tab morning', 'BP + heart dual therapy'),
('PR265', 'P265', 'D265', 'Amlodipine 5', '5mg morning', 'For mild BP control'),
('PR266', 'P266', 'D266', 'Olmesar 20', '20mg daily', 'BP medication'),
('PR267', 'P267', 'D267', 'Azee 500', '1 tab daily for 3 days', 'For respiratory infection'),
('PR268', 'P268', 'D268', 'Augmentin 625', '625mg twice daily', 'Antibiotic after meals'),
('PR269', 'P269', 'D269', 'Taxim O 200', '1 tab twice daily', 'For bacterial infection'),
('PR270', 'P270', 'D270', 'Azithral 500', '1 tab once daily', 'For throat infection'),
('PR271', 'P271', 'D271', 'Cefixime 200', '1 tab twice daily', 'Urinary infection treatment'),
('PR272', 'P272', 'D272', 'Ciprolet 500', '1 tab twice daily', 'For stomach infection'),
('PR273', 'P273', 'D273', 'Roxid 150', '1 tab twice daily', 'For bacterial infection'),
('PR274', 'P274', 'D274', 'Monocef 500', '1 injection once daily', 'For severe infections'),
('PR275', 'P275', 'D275', 'Amoxycillin 500', '1 tab thrice daily', 'For bacterial throat infection'),
('PR276', 'P276', 'D276', 'Levoflox 500', '1 tab daily', 'Antibiotic for UTI'),
('PR277', 'P277', 'D277', 'Cetirizine 10', 'At night', 'For cold and allergies'),
('PR278', 'P278', 'D278', 'Montair LC', '1 tab nightly', 'Allergy and sinusitis relief'),
('PR279', 'P279', 'D279', 'Sinarest', '1 tab twice daily', 'Cold and fever relief'),
('PR280', 'P280', 'D280', 'T Minic', '1 tab every 12 hrs', 'For nasal congestion'),
('PR281', 'P281', 'D281', 'Ambrodil syrup', '10ml thrice daily', 'Cough expectorant'),
('PR282', 'P282', 'D282', 'Ascoril LS', '5ml thrice daily', 'Wet cough syrup'),
('PR283', 'P283', 'D283', 'Corex DX', '5ml twice daily', 'Dry cough suppressant'),
('PR284', 'P284', 'D284', 'Benadryl', '10ml at night', 'Soothes throat and reduces cough'),
('PR285', 'P285', 'D285', 'Pantocid IT', 'Before breakfast', 'Reduces acidity and bloating'),
('PR286', 'P286', 'D286', 'Omez D', 'Before meals', 'Controls acid reflux'),
('PR287', 'P287', 'D287', 'Pan 40', 'Morning before food', 'Prevents heartburn'),
('PR288', 'P288', 'D288', 'Razo DSR', 'Before breakfast', 'Stomach acid control'),
('PR289', 'P289', 'D289', 'Dolo 650', 'When required', 'For fever or pain'),
('PR290', 'P290', 'D290', 'Crocin Advance', 'Every 6 hours', 'Mild pain relief'),
('PR291', 'P291', 'D291', 'Flexura D', '1 tab twice daily', 'For muscle stiffness'),
('PR292', 'P292', 'D292', 'Zerodol SP', '1 tab daily', 'For joint inflammation'),
('PR293', 'P293', 'D293', 'Dolokind Plus', '1 tab as needed', 'For arthritis and pain relief'),
('PR294', 'P294', 'D294', 'Naprosyn 250', '1 tab twice daily', 'Painkiller for menstrual cramps'),
('PR295', 'P295', 'D295', 'Meftal Spas', 'As required', 'For stomach and period pain'),
('PR296', 'P296', 'D296', 'Etoshine 60', '1 tab daily', 'For arthritis and swelling'),
('PR297', 'P297', 'D297', 'Aceclofenac 100', '1 tab twice daily', 'Pain and inflammation control'),
('PR298', 'P298', 'D298', 'Zincovit', '1 tab daily', 'Vitamin supplement'),
('PR299', 'P299', 'D299', 'Shelcal 500', '1 tab morning', 'Calcium supplement'),
('PR300', 'P300', 'D300', 'Calcimax Forte', '1 tab daily', 'Calcium and vitamin D'),
('PR301', 'P301', 'D301', 'Supradyn', '1 tab after breakfast', 'Daily multivitamin'),
('PR302', 'P302', 'D302', 'D3 Must 60k', '1 cap weekly', 'Vitamin D deficiency'),
('PR303', 'P303', 'D303', 'Neurobion Forte', '1 tab daily', 'Nerve vitamin supplement'),
('PR304', 'P304', 'D304', 'Liv 52', '1 tab twice daily', 'Liver tonic supplement'),
('PR305', 'P305', 'D305', 'Becosules', '1 tab after meals', 'Vitamin B complex'),
('PR306', 'P306', 'D306', 'Celin 500', '1 tab daily', 'Vitamin C supplement'),
('PR307', 'P307', 'D307', 'Iron Folic', '1 tab daily', 'For anaemia prevention'),
('PR308', 'P308', 'D308', 'Folvite', '1 tab morning', 'Folic acid supplement'),
('PR309', 'P309', 'D309', 'Dexorange syrup', '10ml after lunch', 'Iron supplement'),
('PR310', 'P310', 'D310', 'Limcee 500', '1 tab daily', 'Vitamin C supplement'),
('PR311', 'P311', 'D311', 'Becosules Plus', '1 tab daily', 'For general weakness'),
('PR312', 'P312', 'D312', 'Rejunuron', '1 cap daily', 'Nerve and vitamin supplement'),
('PR313', 'P313', 'D313', 'Corbis 2.5', '1 tab morning', 'Heart rate control'),
('PR314', 'P314', 'D314', 'Cardivas 3.125', '1 tab daily', 'BP and heart protection'),
('PR315', 'P315', 'D315', 'Telma 40', '1 tab morning', 'BP control'),
('PR316', 'P316', 'D316', 'Losar 50', '1 tab daily', 'Heart protection medicine'),
('PR317', 'P317', 'D317', 'Amlong 5', '1 tab morning', 'For mild hypertension'),
('PR318', 'P318', 'D318', 'Ecosprin 75', '1 tab daily', 'For cardiac wellness'),
('PR319', 'P319', 'D319', 'Atorva 10', '1 tab night', 'For cholesterol and heart health'),
('PR320', 'P320', 'D320', 'Dolo 650', 'When required', 'Take with water for fever or pain');

Create table billing
(
bill_id varchar(50) primary key,
patient_id varchar(50),
doctor_id varchar(50),
amount int,
payment_status varchar(50),
date date,
foreign key (patient_id) references patients(patient_id),
foreign key (doctor_id) references doctors(doctor_id)
);

INSERT INTO billing (bill_id, patient_id, doctor_id, amount, payment_status, date) VALUES
('B001', 'P001', 'D001', 4200, 'Completed', '2025-01-05'),
('B002', 'P002', 'D002', 2100, 'Pending', '2025-01-07'),
('B003', 'P003', 'D003', 3800, 'Completed', '2025-01-09'),
('B004', 'P004', 'D004', 2650, 'Completed', '2025-01-12'),
('B005', 'P005', 'D005', 3100, 'Pending', '2025-01-15'),
('B006', 'P006', 'D006', 2950, 'Completed', '2025-01-18'),
('B007', 'P007', 'D007', 4100, 'Completed', '2025-01-20'),
('B008', 'P008', 'D008', 2300, 'Pending', '2025-01-21'),
('B009', 'P009', 'D009', 3700, 'Completed', '2025-01-22'),
('B010', 'P010', 'D010', 1850, 'Completed', '2025-01-24'),
('B011', 'P011', 'D011', 4400, 'Pending', '2025-01-26'),
('B012', 'P012', 'D012', 3350, 'Completed', '2025-01-28'),
('B013', 'P013', 'D013', 2900, 'Completed', '2025-02-01'),
('B014', 'P014', 'D014', 5000, 'Pending', '2025-02-03'),
('B015', 'P015', 'D015', 2400, 'Completed', '2025-02-05'),
('B016', 'P016', 'D016', 3200, 'Completed', '2025-02-06'),
('B017', 'P017', 'D017', 2800, 'Pending', '2025-02-09'),
('B018', 'P018', 'D018', 4550, 'Completed', '2025-02-11'),
('B019', 'P019', 'D019', 3500, 'Completed', '2025-02-12'),
('B020', 'P020', 'D020', 2000, 'Pending', '2025-02-14'),
('B021', 'P021', 'D021', 2650, 'Completed', '2025-02-16'),
('B022', 'P022', 'D022', 4900, 'Pending', '2025-02-18'),
('B023', 'P023', 'D023', 3050, 'Completed', '2025-02-19'),
('B024', 'P024', 'D024', 4100, 'Completed', '2025-02-20'),
('B025', 'P025', 'D025', 2400, 'Pending', '2025-02-22'),
('B026', 'P026', 'D026', 4550, 'Completed', '2025-02-23'),
('B027', 'P027', 'D027', 2800, 'Completed', '2025-02-24'),
('B028', 'P028', 'D028', 3200, 'Pending', '2025-02-25'),
('B029', 'P029', 'D029', 3900, 'Completed', '2025-02-27'),
('B030', 'P030', 'D030', 4200, 'Completed', '2025-02-28'),
('B031', 'P031', 'D031', 3150, 'Pending', '2025-03-01'),
('B032', 'P032', 'D032', 3650, 'Completed', '2025-03-02'),
('B033', 'P033', 'D033', 2950, 'Completed', '2025-03-03'),
('B034', 'P034', 'D034', 4050, 'Pending', '2025-03-04'),
('B035', 'P035', 'D035', 2600, 'Completed', '2025-03-05'),
('B036', 'P036', 'D036', 4700, 'Completed', '2025-03-06'),
('B037', 'P037', 'D037', 2350, 'Pending', '2025-03-07'),
('B038', 'P038', 'D038', 2800, 'Completed', '2025-03-09'),
('B039', 'P039', 'D039', 3300, 'Completed', '2025-03-10'),
('B040', 'P040', 'D040', 3100, 'Pending', '2025-03-11'),
('B041', 'P041', 'D041', 3650, 'Completed', '2025-03-13'),
('B042', 'P042', 'D042', 4500, 'Completed', '2025-03-14'),
('B043', 'P043', 'D043', 2200, 'Pending', '2025-03-15'),
('B044', 'P044', 'D044', 3900, 'Completed', '2025-03-16'),
('B045', 'P045', 'D045', 2900, 'Completed', '2025-03-17'),
('B046', 'P046', 'D046', 3100, 'Pending', '2025-03-18'),
('B047', 'P047', 'D047', 4050, 'Completed', '2025-03-19'),
('B048', 'P048', 'D048', 2600, 'Completed', '2025-03-20'),
('B049', 'P049', 'D049', 3500, 'Pending', '2025-03-21'),
('B050', 'P050', 'D050', 2250, 'Completed', '2025-03-22'),
('B051', 'P051', 'D051', 4700, 'Completed', '2025-03-23'),
('B052', 'P052', 'D052', 1950, 'Pending', '2025-03-24'),
('B053', 'P053', 'D053', 3550, 'Completed', '2025-03-25'),
('B054', 'P054', 'D054', 2500, 'Completed', '2025-03-26'),
('B055', 'P055', 'D055', 4200, 'Pending', '2025-03-27'),
('B056', 'P056', 'D056', 2300, 'Completed', '2025-03-28'),
('B057', 'P057', 'D057', 4650, 'Completed', '2025-03-29'),
('B058', 'P058', 'D058', 2800, 'Pending', '2025-03-30'),
('B059', 'P059', 'D059', 4000, 'Completed', '2025-03-31'),
('B060', 'P060', 'D060', 3500, 'Completed', '2025-04-02'),
('B061', 'P061', 'D061', 2400, 'Pending', '2025-04-04'),
('B062', 'P062', 'D062', 3000, 'Completed', '2025-04-06'),
('B063', 'P063', 'D063', 4100, 'Completed', '2025-04-07'),
('B064', 'P064', 'D064', 1950, 'Pending', '2025-04-08'),
('B065', 'P065', 'D065', 3500, 'Completed', '2025-04-09'),
('B066', 'P066', 'D066', 4800, 'Completed', '2025-04-10'),
('B067', 'P067', 'D067', 2700, 'Pending', '2025-04-11'),
('B068', 'P068', 'D068', 2300, 'Completed', '2025-04-12'),
('B069', 'P069', 'D069', 2950, 'Completed', '2025-04-13'),
('B070', 'P070', 'D070', 3200, 'Pending', '2025-04-14'),
('B071', 'P071', 'D071', 2100, 'Completed', '2025-04-15'),
('B072', 'P072', 'D072', 4150, 'Completed', '2025-04-16'),
('B073', 'P073', 'D073', 2800, 'Pending', '2025-04-18'),
('B074', 'P074', 'D074', 3650, 'Completed', '2025-04-20'),
('B075', 'P075', 'D075', 4700, 'Completed', '2025-04-21'),
('B076', 'P076', 'D076', 2950, 'Pending', '2025-04-22'),
('B077', 'P077', 'D077', 3300, 'Completed', '2025-04-23'),
('B078', 'P078', 'D078', 4200, 'Completed', '2025-04-25'),
('B079', 'P079', 'D079', 2700, 'Pending', '2025-04-27'),
('B080', 'P080', 'D080', 3800, 'Completed', '2025-04-29'),
('B081', 'P081', 'D081', 2300, 'Completed', '2025-05-01'),
('B082', 'P082', 'D082', 4400, 'Pending', '2025-05-02'),
('B083', 'P083', 'D083', 3250, 'Completed', '2025-05-03'),
('B084', 'P084', 'D084', 2500, 'Completed', '2025-05-04'),
('B085', 'P085', 'D085', 3800, 'Pending', '2025-05-06'),
('B086', 'P086', 'D086', 3200, 'Completed', '2025-05-07'),
('B087', 'P087', 'D087', 4100, 'Completed', '2025-05-08'),
('B088', 'P088', 'D088', 2650, 'Pending', '2025-05-10'),
('B089', 'P089', 'D089', 2950, 'Completed', '2025-05-12'),
('B090', 'P090', 'D090', 3550, 'Completed', '2025-05-14'),
('B091', 'P091', 'D091', 1900, 'Pending', '2025-05-16'),
('B092', 'P092', 'D092', 2850, 'Completed', '2025-05-18'),
('B093', 'P093', 'D093', 4100, 'Completed', '2025-05-20'),
('B094', 'P094', 'D094', 2400, 'Pending', '2025-05-21'),
('B095', 'P095', 'D095', 3650, 'Completed', '2025-05-22'),
('B096', 'P096', 'D096', 4750, 'Completed', '2025-05-23'),
('B097', 'P097', 'D097', 2200, 'Pending', '2025-05-24'),
('B098', 'P098', 'D098', 4000, 'Completed', '2025-05-26'),
('B099', 'P099', 'D099', 2700, 'Completed', '2025-05-28'),
('B100', 'P100', 'D100', 3450, 'Pending', '2025-05-30'),
('B101', 'P101', 'D101', 2200, 'Completed', '2025-06-01'),
('B102', 'P102', 'D102', 4150, 'Completed', '2025-06-02'),
('B103', 'P103', 'D103', 2600, 'Pending', '2025-06-03'),
('B104', 'P104', 'D104', 3550, 'Completed', '2025-06-05'),
('B105', 'P105', 'D105', 4700, 'Completed', '2025-06-07'),
('B106', 'P106', 'D106', 2800, 'Pending', '2025-06-09'),
('B107', 'P107', 'D107', 3900, 'Completed', '2025-06-10'),
('B108', 'P108', 'D108', 4400, 'Completed', '2025-06-11'),
('B109', 'P109', 'D109', 2100, 'Pending', '2025-06-12'),
('B110', 'P110', 'D110', 3200, 'Completed', '2025-06-14'),
('B111', 'P111', 'D111', 3750, 'Completed', '2025-06-16'),
('B112', 'P112', 'D112', 2800, 'Pending', '2025-06-18'),
('B113', 'P113', 'D113', 4100, 'Completed', '2025-06-20'),
('B114', 'P114', 'D114', 2300, 'Completed', '2025-06-22'),
('B115', 'P115', 'D115', 2650, 'Pending', '2025-06-24'),
('B116', 'P116', 'D116', 3900, 'Completed', '2025-06-25'),
('B117', 'P117', 'D117', 2800, 'Completed', '2025-06-27'),
('B118', 'P118', 'D118', 4200, 'Pending', '2025-06-29'),
('B119', 'P119', 'D119', 4600, 'Completed', '2025-07-01'),
('B120', 'P120', 'D120', 3200, 'Completed', '2025-07-03'),
('B121', 'P121', 'D121', 2600, 'Pending', '2025-07-05'),
('B122', 'P122', 'D122', 2850, 'Completed', '2025-07-07'),
('B123', 'P123', 'D123', 3300, 'Completed', '2025-07-08'),
('B124', 'P124', 'D124', 4750, 'Pending', '2025-07-09'),
('B125', 'P125', 'D125', 3500, 'Completed', '2025-07-10'),
('B126', 'P126', 'D126', 2100, 'Completed', '2025-07-11'),
('B127', 'P127', 'D127', 2950, 'Pending', '2025-07-13'),
('B128', 'P128', 'D128', 4100, 'Completed', '2025-07-15'),
('B129', 'P129', 'D129', 3250, 'Completed', '2025-07-17'),
('B130', 'P130', 'D130', 4400, 'Pending', '2025-07-18'),
('B131', 'P131', 'D131', 2150, 'Completed', '2025-07-20'),
('B132', 'P132', 'D132', 3700, 'Completed', '2025-07-21'),
('B133', 'P133', 'D133', 3200, 'Pending', '2025-07-22'),
('B134', 'P134', 'D134', 2950, 'Completed', '2025-07-23'),
('B135', 'P135', 'D135', 4050, 'Completed', '2025-07-24'),
('B136', 'P136', 'D136', 2550, 'Pending', '2025-07-25'),
('B137', 'P137', 'D137', 4350, 'Completed', '2025-07-27'),
('B138', 'P138', 'D138', 2700, 'Completed', '2025-07-29'),
('B139', 'P139', 'D139', 4800, 'Pending', '2025-07-31'),
('B140', 'P140', 'D140', 3050, 'Completed', '2025-08-01'),
('B141', 'P141', 'D141', 2650, 'Completed', '2025-08-02'),
('B142', 'P142', 'D142', 4100, 'Pending', '2025-08-03'),
('B143', 'P143', 'D143', 2900, 'Completed', '2025-08-04'),
('B144', 'P144', 'D144', 3550, 'Completed', '2025-08-05'),
('B145', 'P145', 'D145', 2400, 'Pending', '2025-08-06'),
('B146', 'P146', 'D146', 3800, 'Completed', '2025-08-07'),
('B147', 'P147', 'D147', 4500, 'Completed', '2025-08-08'),
('B148', 'P148', 'D148', 2100, 'Pending', '2025-08-09'),
('B149', 'P149', 'D149', 2950, 'Completed', '2025-08-10'),
('B150', 'P150', 'D150', 3200, 'Completed', '2025-08-11'),
('B151', 'P151', 'D151', 2750, 'Pending', '2025-08-12'),
('B152', 'P152', 'D152', 4400, 'Completed', '2025-08-13'),
('B153', 'P153', 'D153', 3950, 'Completed', '2025-08-14'),
('B154', 'P154', 'D154', 2650, 'Pending', '2025-08-15'),
('B155', 'P155', 'D155', 4700, 'Completed', '2025-08-16'),
('B156', 'P156', 'D156', 3500, 'Completed', '2025-08-17'),
('B157', 'P157', 'D157', 2000, 'Pending', '2025-08-18'),
('B158', 'P158', 'D158', 3100, 'Completed', '2025-08-19'),
('B159', 'P159', 'D159', 4200, 'Completed', '2025-08-20'),
('B160', 'P160', 'D160', 2400, 'Pending', '2025-08-21'),
('B161', 'P161', 'D161', 3650, 'Completed', '2025-08-22'),
('B162', 'P162', 'D162', 4900, 'Completed', '2025-08-23'),
('B163', 'P163', 'D163', 2200, 'Pending', '2025-08-24'),
('B164', 'P164', 'D164', 3300, 'Completed', '2025-08-25'),
('B165', 'P165', 'D165', 4100, 'Completed', '2025-08-26'),
('B166', 'P166', 'D166', 2700, 'Pending', '2025-08-27'),
('B167', 'P167', 'D167', 3850, 'Completed', '2025-08-28'),
('B168', 'P168', 'D168', 4600, 'Completed', '2025-08-29'),
('B169', 'P169', 'D169', 2500, 'Pending', '2025-08-30'),
('B170', 'P170', 'D170', 4200, 'Completed', '2025-08-31'),
('B171', 'P171', 'D171', 3150, 'Completed', '2025-09-01'),
('B172', 'P172', 'D172', 2750, 'Pending', '2025-09-02'),
('B173', 'P173', 'D173', 4050, 'Completed', '2025-09-03'),
('B174', 'P174', 'D174', 2950, 'Completed', '2025-09-04'),
('B175', 'P175', 'D175', 4800, 'Pending', '2025-09-05'),
('B176', 'P176', 'D176', 2400, 'Completed', '2025-09-06'),
('B177', 'P177', 'D177', 3650, 'Completed', '2025-09-07'),
('B178', 'P178', 'D178', 2800, 'Pending', '2025-09-08'),
('B179', 'P179', 'D179', 4350, 'Completed', '2025-09-09'),
('B180', 'P180', 'D180', 3000, 'Completed', '2025-09-10'),
('B181', 'P181', 'D181', 2550, 'Pending', '2025-09-11'),
('B182', 'P182', 'D182', 4700, 'Completed', '2025-09-12'),
('B183', 'P183', 'D183', 3450, 'Completed', '2025-09-13'),
('B184', 'P184', 'D184', 2150, 'Pending', '2025-09-14'),
('B185', 'P185', 'D185', 4000, 'Completed', '2025-09-15'),
('B186', 'P186', 'D186', 2950, 'Completed', '2025-09-16'),
('B187', 'P187', 'D187', 4700, 'Pending', '2025-09-17'),
('B188', 'P188', 'D188', 3100, 'Completed', '2025-09-18'),
('B189', 'P189', 'D189', 4250, 'Completed', '2025-09-19'),
('B190', 'P190', 'D190', 2600, 'Pending', '2025-09-20'),
('B191', 'P191', 'D191', 3550, 'Completed', '2025-09-21'),
('B192', 'P192', 'D192', 4900, 'Completed', '2025-09-22'),
('B193', 'P193', 'D193', 2850, 'Pending', '2025-09-23'),
('B194', 'P194', 'D194', 4300, 'Completed', '2025-09-24'),
('B195', 'P195', 'D195', 3000, 'Completed', '2025-09-25'),
('B196', 'P196', 'D196', 2200, 'Pending', '2025-09-26'),
('B197', 'P197', 'D197', 4100, 'Completed', '2025-09-27'),
('B198', 'P198', 'D198', 3250, 'Completed', '2025-09-28'),
('B199', 'P199', 'D199', 4500, 'Pending', '2025-09-29'),
('B200', 'P200', 'D200', 2800, 'Completed', '2025-09-30'),
('B201', 'P201', 'D201', 3700, 'Completed', '2025-10-01'),
('B202', 'P202', 'D202', 2500, 'Pending', '2025-10-02'),
('B203', 'P203', 'D203', 3150, 'Completed', '2025-10-03'),
('B204', 'P204', 'D204', 4700, 'Completed', '2025-10-04'),
('B205', 'P205', 'D205', 2800, 'Pending', '2025-10-05'),
('B206', 'P206', 'D206', 3900, 'Completed', '2025-10-06'),
('B207', 'P207', 'D207', 4400, 'Completed', '2025-10-07'),
('B208', 'P208', 'D208', 2650, 'Pending', '2025-10-08'),
('B209', 'P209', 'D209', 3050, 'Completed', '2025-10-09'),
('B210', 'P210', 'D210', 4200, 'Completed', '2025-10-10'),
('B211', 'P211', 'D211', 2300, 'Pending', '2025-10-11'),
('B212', 'P212', 'D212', 4550, 'Completed', '2025-10-12'),
('B213', 'P213', 'D213', 3600, 'Completed', '2025-10-13'),
('B214', 'P214', 'D214', 2400, 'Pending', '2025-10-14'),
('B215', 'P215', 'D215', 3950, 'Completed', '2025-10-15'),
('B216', 'P216', 'D216', 4750, 'Completed', '2025-10-16'),
('B217', 'P217', 'D217', 2500, 'Pending', '2025-10-17'),
('B218', 'P218', 'D218', 2850, 'Completed', '2025-10-18'),
('B219', 'P219', 'D219', 3350, 'Completed', '2025-10-19'),
('B220', 'P220', 'D220', 4900, 'Pending', '2025-10-20'),
('B221', 'P221', 'D221', 3700, 'Completed', '2025-10-21'),
('B222', 'P222', 'D222', 2600, 'Completed', '2025-10-22'),
('B223', 'P223', 'D223', 3150, 'Pending', '2025-10-23'),
('B224', 'P224', 'D224', 4050, 'Completed', '2025-10-24'),
('B225', 'P225', 'D225', 2800, 'Completed', '2025-10-25'),
('B226', 'P226', 'D226', 4700, 'Pending', '2025-10-26'),
('B227', 'P227', 'D227', 3450, 'Completed', '2025-10-27'),
('B228', 'P228', 'D228', 2300, 'Completed', '2025-10-28'),
('B229', 'P229', 'D229', 4600, 'Pending', '2025-10-29'),
('B230', 'P230', 'D230', 2950, 'Completed', '2025-10-30'),
('B231', 'P231', 'D231', 4150, 'Completed', '2025-10-31'),
('B232', 'P232', 'D232', 2800, 'Pending', '2025-10-01'),
('B233', 'P233', 'D233', 3500, 'Completed', '2025-10-02'),
('B234', 'P234', 'D234', 2750, 'Completed', '2025-10-03'),
('B235', 'P235', 'D235', 4900, 'Pending', '2025-10-04'),
('B236', 'P236', 'D236', 3100, 'Completed', '2025-10-05'),
('B237', 'P237', 'D237', 4050, 'Completed', '2025-10-06'),
('B238', 'P238', 'D238', 2500, 'Pending', '2025-10-07'),
('B239', 'P239', 'D239', 3700, 'Completed', '2025-10-08'),
('B240', 'P240', 'D240', 2950, 'Completed', '2025-10-09'),
('B241', 'P241', 'D241', 4400, 'Pending', '2025-10-10'),
('B242', 'P242', 'D242', 2150, 'Completed', '2025-10-11'),
('B243', 'P243', 'D243', 3800, 'Completed', '2025-10-12'),
('B244', 'P244', 'D244', 2600, 'Pending', '2025-10-13'),
('B245', 'P245', 'D245', 4700, 'Completed', '2025-10-14'),
('B246', 'P246', 'D246', 3300, 'Completed', '2025-10-15'),
('B247', 'P247', 'D247', 2400, 'Pending', '2025-10-16'),
('B248', 'P248', 'D248', 4100, 'Completed', '2025-10-17'),
('B249', 'P249', 'D249', 3000, 'Completed', '2025-10-18'),
('B250', 'P250', 'D250', 2600, 'Pending', '2025-10-19'),
('B251', 'P251', 'D251', 4750, 'Completed', '2025-10-20'),
('B252', 'P252', 'D252', 3550, 'Completed', '2025-10-21'),
('B253', 'P253', 'D253', 2200, 'Pending', '2025-10-22'),
('B254', 'P254', 'D254', 4000, 'Completed', '2025-10-23'),
('B255', 'P255', 'D255', 3200, 'Completed', '2025-10-24'),
('B256', 'P256', 'D256', 2800, 'Pending', '2025-10-25'),
('B257', 'P257', 'D257', 4500, 'Completed', '2025-10-26'),
('B258', 'P258', 'D258', 3050, 'Completed', '2025-10-27'),
('B259', 'P259', 'D259', 4800, 'Pending', '2025-10-28'),
('B260', 'P260', 'D260', 2700, 'Completed', '2025-10-29'),
('B261', 'P261', 'D261', 3900, 'Completed', '2025-10-30'),
('B262', 'P262', 'D262', 2500, 'Pending', '2025-10-31'),
('B263', 'P263', 'D263', 3650, 'Completed', '2025-09-01'),
('B264', 'P264', 'D264', 4750, 'Completed', '2025-09-02'),
('B265', 'P265', 'D265', 2800, 'Pending', '2025-09-03'),
('B266', 'P266', 'D266', 4100, 'Completed', '2025-09-04'),
('B267', 'P267', 'D267', 3300, 'Completed', '2025-09-05'),
('B268', 'P268', 'D268', 2200, 'Pending', '2025-09-06'),
('B269', 'P269', 'D269', 3900, 'Completed', '2025-09-07'),
('B270', 'P270', 'D270', 3100, 'Completed', '2025-09-08'),
('B271', 'P271', 'D271', 4450, 'Pending', '2025-09-09'),
('B272', 'P272', 'D272', 2800, 'Completed', '2025-09-10'),
('B273', 'P273', 'D273', 3500, 'Completed', '2025-09-11'),
('B274', 'P274', 'D274', 2600, 'Pending', '2025-09-12'),
('B275', 'P275', 'D275', 4200, 'Completed', '2025-09-13'),
('B276', 'P276', 'D276', 3350, 'Completed', '2025-09-14'),
('B277', 'P277', 'D277', 4750, 'Pending', '2025-09-15'),
('B278', 'P278', 'D278', 2900, 'Completed', '2025-09-16'),
('B279', 'P279', 'D279', 4000, 'Completed', '2025-09-17'),
('B280', 'P280', 'D280', 2500, 'Pending', '2025-09-18'),
('B281', 'P281', 'D281', 4600, 'Completed', '2025-09-19'),
('B282', 'P282', 'D282', 3250, 'Completed', '2025-09-20'),
('B283', 'P283', 'D283', 2200, 'Pending', '2025-09-21'),
('B284', 'P284', 'D284', 3850, 'Completed', '2025-09-22'),
('B285', 'P285', 'D285', 4300, 'Completed', '2025-09-23'),
('B286', 'P286', 'D286', 2750, 'Pending', '2025-09-24'),
('B287', 'P287', 'D287', 3150, 'Completed', '2025-09-25'),
('B288', 'P288', 'D288', 4800, 'Completed', '2025-09-26'),
('B289', 'P289', 'D289', 2300, 'Pending', '2025-09-27'),
('B290', 'P290', 'D290', 4200, 'Completed', '2025-09-28'),
('B291', 'P291', 'D291', 3400, 'Completed', '2025-09-29'),
('B292', 'P292', 'D292', 2550, 'Pending', '2025-09-30'),
('B293', 'P293', 'D293', 4700, 'Completed', '2025-10-01'),
('B294', 'P294', 'D294', 3900, 'Completed', '2025-10-02'),
('B295', 'P295', 'D295', 2200, 'Pending', '2025-10-03'),
('B296', 'P296', 'D296', 1400, 'Completed', '2025-10-18'),
('B297', 'P297', 'D297', 1750, 'Pending', '2025-10-19'),
('B298', 'P298', 'D298', 1300, 'Completed', '2025-10-19'),
('B299', 'P299', 'D299', 2200, 'Completed', '2025-10-20'),
('B300', 'P300', 'D300', 1850, 'Pending', '2025-10-20'),
('B301', 'P301', 'D301', 2400, 'Completed', '2025-10-21'),
('B302', 'P302', 'D302', 2000, 'Pending', '2025-10-21'),
('B303', 'P303', 'D303', 1600, 'Completed', '2025-10-22'),
('B304', 'P304', 'D304', 1950, 'Completed', '2025-10-22'),
('B305', 'P305', 'D305', 2100, 'Pending', '2025-10-23'),
('B306', 'P306', 'D306', 1350, 'Completed', '2025-10-23'),
('B307', 'P307', 'D307', 2450, 'Completed', '2025-10-24'),
('B308', 'P308', 'D308', 1550, 'Pending', '2025-10-24'),
('B309', 'P309', 'D309', 2250, 'Completed', '2025-10-25'),
('B310', 'P310', 'D310', 1750, 'Completed', '2025-10-25'),
('B311', 'P311', 'D311', 2000, 'Pending', '2025-10-26'),
('B312', 'P312', 'D312', 2150, 'Completed', '2025-10-26'),
('B313', 'P313', 'D313', 1850, 'Completed', '2025-10-27'),
('B314', 'P314', 'D314', 1950, 'Pending', '2025-10-27'),
('B315', 'P315', 'D315', 1700, 'Completed', '2025-10-28'),
('B316', 'P316', 'D316', 1450, 'Completed', '2025-10-28'),
('B317', 'P317', 'D317', 1550, 'Pending', '2025-10-29'),
('B318', 'P318', 'D318', 2350, 'Completed', '2025-10-29'),
('B319', 'P319', 'D319', 1900, 'Pending', '2025-10-30'),
('B320', 'P320', 'D320', 2500, 'Completed', '2025-10-30');

Create table appointments
(
appointment_id varchar(50) primary key,
patient_id varchar(50),
doctor_id varchar(50), 
bill_id varchar(50),
prescription_id varchar(50),
appointment_date varchar(50),
appointment_status varchar(50),
foreign key (patient_id) references patients(patient_id),
foreign key (doctor_id) references doctors(doctor_id),
foreign key (bill_id) references billing (bill_id),
foreign key (prescription_id) references prescription(prescription_id)
);

INSERT INTO appointments (appointment_id, patient_id, doctor_id, bill_id, prescription_id, appointment_date, appointment_status) VALUES
('A001', 'P001', 'D001', 'B001', 'PR001', '2025-10-01', 'Completed'),
('A002', 'P002', 'D002', 'B002', 'PR002', '2025-10-01', 'Completed'),
('A003', 'P003', 'D003', 'B003', 'PR003', '2025-10-02', 'Pending'),
('A004', 'P004', 'D004', 'B004', 'PR004', '2025-10-02', 'Completed'),
('A005', 'P005', 'D005', 'B005', 'PR005', '2025-10-03', 'Completed'),
('A006', 'P006', 'D006', 'B006', 'PR006', '2025-10-03', 'Pending'),
('A007', 'P007', 'D007', 'B007', 'PR007', '2025-10-04', 'Completed'),
('A008', 'P008', 'D008', 'B008', 'PR008', '2025-10-04', 'Pending'),
('A009', 'P009', 'D009', 'B009', 'PR009', '2025-10-05', 'Completed'),
('A010', 'P010', 'D010', 'B010', 'PR010', '2025-10-05', 'Completed'),
('A011', 'P011', 'D011', 'B011', 'PR011', '2025-10-06', 'Pending'),
('A012', 'P012', 'D012', 'B012', 'PR012', '2025-10-06', 'Completed'),
('A013', 'P013', 'D013', 'B013', 'PR013', '2025-10-07', 'Completed'),
('A014', 'P014', 'D014', 'B014', 'PR014', '2025-10-07', 'Pending'),
('A015', 'P015', 'D015', 'B015', 'PR015', '2025-10-08', 'Completed'),
('A016', 'P016', 'D016', 'B016', 'PR016', '2025-10-08', 'Completed'),
('A017', 'P017', 'D017', 'B017', 'PR017', '2025-10-09', 'Pending'),
('A018', 'P018', 'D018', 'B018', 'PR018', '2025-10-09', 'Completed'),
('A019', 'P019', 'D019', 'B019', 'PR019', '2025-10-10', 'Completed'),
('A020', 'P020', 'D020', 'B020', 'PR020', '2025-10-10', 'Pending'),
('A021', 'P021', 'D021', 'B021', 'PR021', '2025-10-11', 'Completed'),
('A022', 'P022', 'D022', 'B022', 'PR022', '2025-10-11', 'Completed'),
('A023', 'P023', 'D023', 'B023', 'PR023', '2025-10-12', 'Pending'),
('A024', 'P024', 'D024', 'B024', 'PR024', '2025-10-12', 'Completed'),
('A025', 'P025', 'D025', 'B025', 'PR025', '2025-10-13', 'Completed'),
('A026', 'P026', 'D026', 'B026', 'PR026', '2025-10-13', 'Pending'),
('A027', 'P027', 'D027', 'B027', 'PR027', '2025-10-14', 'Completed'),
('A028', 'P028', 'D028', 'B028', 'PR028', '2025-10-14', 'Completed'),
('A029', 'P029', 'D029', 'B029', 'PR029', '2025-10-15', 'Pending'),
('A030', 'P030', 'D030', 'B030', 'PR030', '2025-10-15', 'Completed'),
('A031', 'P031', 'D031', 'B031', 'PR031', '2025-10-16', 'Completed'),
('A032', 'P032', 'D032', 'B032', 'PR032', '2025-10-16', 'Pending'),
('A033', 'P033', 'D033', 'B033', 'PR033', '2025-10-17', 'Completed'),
('A034', 'P034', 'D034', 'B034', 'PR034', '2025-10-17', 'Completed'),
('A035', 'P035', 'D035', 'B035', 'PR035', '2025-10-18', 'Pending'),
('A036', 'P036', 'D036', 'B036', 'PR036', '2025-10-18', 'Completed'),
('A037', 'P037', 'D037', 'B037', 'PR037', '2025-10-19', 'Completed'),
('A038', 'P038', 'D038', 'B038', 'PR038', '2025-10-19', 'Pending'),
('A039', 'P039', 'D039', 'B039', 'PR039', '2025-10-20', 'Completed'),
('A040', 'P040', 'D040', 'B040', 'PR040', '2025-10-20', 'Completed'),
('A041', 'P041', 'D041', 'B041', 'PR041', '2025-10-21', 'Pending'),
('A042', 'P042', 'D042', 'B042', 'PR042', '2025-10-21', 'Completed'),
('A043', 'P043', 'D043', 'B043', 'PR043', '2025-10-22', 'Completed'),
('A044', 'P044', 'D044', 'B044', 'PR044', '2025-10-22', 'Pending'),
('A045', 'P045', 'D045', 'B045', 'PR045', '2025-10-23', 'Completed'),
('A046', 'P046', 'D046', 'B046', 'PR046', '2025-10-23', 'Completed'),
('A047', 'P047', 'D047', 'B047', 'PR047', '2025-10-24', 'Pending'),
('A048', 'P048', 'D048', 'B048', 'PR048', '2025-10-24', 'Completed'),
('A049', 'P049', 'D049', 'B049', 'PR049', '2025-10-25', 'Completed'),
('A050', 'P050', 'D050', 'B050', 'PR050', '2025-10-25', 'Pending'),
('A051', 'P051', 'D051', 'B051', 'PR051', '2025-10-26', 'Completed'),
('A052', 'P052', 'D052', 'B052', 'PR052', '2025-10-26', 'Completed'),
('A053', 'P053', 'D053', 'B053', 'PR053', '2025-10-27', 'Pending'),
('A054', 'P054', 'D054', 'B054', 'PR054', '2025-10-27', 'Completed'),
('A055', 'P055', 'D055', 'B055', 'PR055', '2025-10-28', 'Completed'),
('A056', 'P056', 'D056', 'B056', 'PR056', '2025-10-28', 'Pending'),
('A057', 'P057', 'D057', 'B057', 'PR057', '2025-10-29', 'Completed'),
('A058', 'P058', 'D058', 'B058', 'PR058', '2025-10-29', 'Completed'),
('A059', 'P059', 'D059', 'B059', 'PR059', '2025-10-30', 'Pending'),
('A060', 'P060', 'D060', 'B060', 'PR060', '2025-10-30', 'Completed'),
('A061', 'P061', 'D061', 'B061', 'PR061', '2025-10-31', 'Completed'),
('A062', 'P062', 'D062', 'B062', 'PR062', '2025-10-31', 'Pending'),
('A063', 'P063', 'D063', 'B063', 'PR063', '2025-11-01', 'Completed'),
('A064', 'P064', 'D064', 'B064', 'PR064', '2025-11-01', 'Completed'),
('A065', 'P065', 'D065', 'B065', 'PR065', '2025-11-02', 'Pending'),
('A066', 'P066', 'D066', 'B066', 'PR066', '2025-11-02', 'Completed'),
('A067', 'P067', 'D067', 'B067', 'PR067', '2025-11-03', 'Completed'),
('A068', 'P068', 'D068', 'B068', 'PR068', '2025-11-03', 'Pending'),
('A069', 'P069', 'D069', 'B069', 'PR069', '2025-11-04', 'Completed'),
('A070', 'P070', 'D070', 'B070', 'PR070', '2025-11-04', 'Completed'),
('A071', 'P071', 'D071', 'B071', 'PR071', '2025-11-05', 'Pending'),
('A072', 'P072', 'D072', 'B072', 'PR072', '2025-11-05', 'Completed'),
('A073', 'P073', 'D073', 'B073', 'PR073', '2025-11-06', 'Completed'),
('A074', 'P074', 'D074', 'B074', 'PR074', '2025-11-06', 'Pending'),
('A075', 'P075', 'D075', 'B075', 'PR075', '2025-11-07', 'Completed'),
('A076', 'P076', 'D076', 'B076', 'PR076', '2025-11-07', 'Completed'),
('A077', 'P077', 'D077', 'B077', 'PR077', '2025-11-08', 'Pending'),
('A078', 'P078', 'D078', 'B078', 'PR078', '2025-11-08', 'Completed'),
('A079', 'P079', 'D079', 'B079', 'PR079', '2025-11-09', 'Completed'),
('A080', 'P080', 'D080', 'B080', 'PR080', '2025-11-09', 'Pending'),
('A081', 'P081', 'D081', 'B081', 'PR081', '2025-11-10', 'Completed'),
('A082', 'P082', 'D082', 'B082', 'PR082', '2025-11-10', 'Completed'),
('A083', 'P083', 'D083', 'B083', 'PR083', '2025-11-11', 'Pending'),
('A084', 'P084', 'D084', 'B084', 'PR084', '2025-11-11', 'Completed'),
('A085', 'P085', 'D085', 'B085', 'PR085', '2025-11-12', 'Completed'),
('A086', 'P086', 'D086', 'B086', 'PR086', '2025-11-12', 'Pending'),
('A087', 'P087', 'D087', 'B087', 'PR087', '2025-11-13', 'Completed'),
('A088', 'P088', 'D088', 'B088', 'PR088', '2025-11-13', 'Completed'),
('A089', 'P089', 'D089', 'B089', 'PR089', '2025-11-14', 'Pending'),
('A090', 'P090', 'D090', 'B090', 'PR090', '2025-11-14', 'Completed'),
('A091', 'P091', 'D091', 'B091', 'PR091', '2025-11-15', 'Completed'),
('A092', 'P092', 'D092', 'B092', 'PR092', '2025-11-15', 'Pending'),
('A093', 'P093', 'D093', 'B093', 'PR093', '2025-11-16', 'Completed'),
('A094', 'P094', 'D094', 'B094', 'PR094', '2025-11-16', 'Completed'),
('A095', 'P095', 'D095', 'B095', 'PR095', '2025-11-17', 'Pending'),
('A096', 'P096', 'D096', 'B096', 'PR096', '2025-11-17', 'Completed'),
('A097', 'P097', 'D097', 'B097', 'PR097', '2025-11-18', 'Completed'),
('A098', 'P098', 'D098', 'B098', 'PR098', '2025-11-18', 'Pending'),
('A099', 'P099', 'D099', 'B099', 'PR099', '2025-11-19', 'Completed'),
('A100', 'P100', 'D100', 'B100', 'PR100', '2025-11-19', 'Completed'),
('A101','P101','D101','B101','PR101','2025-04-18','Completed'),
('A102','P102','D102','B102','PR102','2025-04-19','Pending'),
('A103','P103','D103','B103','PR103','2025-04-20','Completed'),
('A104','P104','D104','B104','PR104','2025-04-21','Completed'),
('A105','P105','D105','B105','PR105','2025-04-22','Pending'),
('A106','P106','D106','B106','PR106','2025-04-22','Completed'),
('A107','P107','D107','B107','PR107','2025-04-23','Completed'),
('A108','P108','D108','B108','PR108','2025-04-23','Pending'),
('A109','P109','D109','B109','PR109','2025-04-24','Completed'),
('A110','P110','D110','B110','PR110','2025-04-24','Completed'),
('A111','P111','D111','B111','PR111','2025-04-25','Pending'),
('A112','P112','D112','B112','PR112','2025-04-25','Completed'),
('A113','P113','D113','B113','PR113','2025-04-26','Completed'),
('A114','P114','D114','B114','PR114','2025-04-27','Pending'),
('A115','P115','D115','B115','PR115','2025-04-27','Completed'),
('A116','P116','D116','B116','PR116','2025-04-28','Completed'),
('A117','P117','D117','B117','PR117','2025-04-29','Pending'),
('A118','P118','D118','B118','PR118','2025-04-30','Completed'),
('A119','P119','D119','B119','PR119','2025-05-01','Completed'),
('A120','P120','D120','B120','PR120','2025-05-01','Pending'),
('A121','P121','D121','B121','PR121','2025-05-02','Completed'),
('A122','P122','D122','B122','PR122','2025-05-03','Completed'),
('A123','P123','D123','B123','PR123','2025-05-03','Pending'),
('A124','P124','D124','B124','PR124','2025-05-04','Completed'),
('A125','P125','D125','B125','PR125','2025-05-05','Completed'),
('A126','P126','D126','B126','PR126','2025-05-05','Pending'),
('A127','P127','D127','B127','PR127','2025-05-06','Completed'),
('A128','P128','D128','B128','PR128','2025-05-07','Completed'),
('A129','P129','D129','B129','PR129','2025-05-07','Pending'),
('A130','P130','D130','B130','PR130','2025-05-08','Completed'),
('A131','P131','D131','B131','PR131','2025-05-09','Completed'),
('A132','P132','D132','B132','PR132','2025-05-09','Pending'),
('A133','P133','D133','B133','PR133','2025-05-10','Completed'),
('A134','P134','D134','B134','PR134','2025-05-11','Completed'),
('A135','P135','D135','B135','PR135','2025-05-11','Pending'),
('A136','P136','D136','B136','PR136','2025-05-12','Completed'),
('A137','P137','D137','B137','PR137','2025-05-13','Completed'),
('A138','P138','D138','B138','PR138','2025-05-13','Pending'),
('A139','P139','D139','B139','PR139','2025-05-14','Completed'),
('A140','P140','D140','B140','PR140','2025-05-15','Completed'),
('A141','P141','D141','B141','PR141','2025-05-15','Pending'),
('A142','P142','D142','B142','PR142','2025-05-16','Completed'),
('A143','P143','D143','B143','PR143','2025-05-17','Completed'),
('A144','P144','D144','B144','PR144','2025-05-18','Completed'),
('A145','P145','D145','B145','PR145','2025-05-19','Pending'),
('A146','P146','D146','B146','PR146','2025-05-19','Completed'),
('A147','P147','D147','B147','PR147','2025-05-20','Completed'),
('A148','P148','D148','B148','PR148','2025-05-21','Pending'),
('A149','P149','D149','B149','PR149','2025-05-22','Completed'),
('A150','P150','D150','B150','PR150','2025-05-23','Completed'),
('A151','P151','D151','B151','PR151','2025-05-24','Completed'),
('A152','P152','D152','B152','PR152','2025-05-25','Pending'),
('A153','P153','D153','B153','PR153','2025-05-25','Completed'),
('A154','P154','D154','B154','PR154','2025-05-26','Completed'),
('A155','P155','D155','B155','PR155','2025-05-27','Pending'),
('A156','P156','D156','B156','PR156','2025-05-28','Completed'),
('A157','P157','D157','B157','PR157','2025-05-29','Completed'),
('A158','P158','D158','B158','PR158','2025-05-30','Pending'),
('A159','P159','D159','B159','PR159','2025-05-31','Completed'),
('A160','P160','D160','B160','PR160','2025-06-01','Completed'),
('A161','P161','D161','B161','PR161','2025-06-02','Completed'),
('A162','P162','D162','B162','PR162','2025-06-03','Pending'),
('A163','P163','D163','B163','PR163','2025-06-03','Completed'),
('A164','P164','D164','B164','PR164','2025-06-04','Completed'),
('A165','P165','D165','B165','PR165','2025-06-05','Pending'),
('A166','P166','D166','B166','PR166','2025-06-06','Completed'),
('A167','P167','D167','B167','PR167','2025-06-07','Completed'),
('A168','P168','D168','B168','PR168','2025-06-08','Pending'),
('A169','P169','D169','B169','PR169','2025-06-09','Completed'),
('A170','P170','D170','B170','PR170','2025-06-10','Completed'),
('A171','P171','D171','B171','PR171','2025-06-10','Pending'),
('A172','P172','D172','B172','PR172','2025-06-11','Completed'),
('A173','P173','D173','B173','PR173','2025-06-12','Completed'),
('A174','P174','D174','B174','PR174','2025-06-12','Pending'),
('A175','P175','D175','B175','PR175','2025-06-13','Completed'),
('A176','P176','D176','B176','PR176','2025-06-14','Completed'),
('A177','P177','D177','B177','PR177','2025-06-14','Pending'),
('A178','P178','D178','B178','PR178','2025-06-15','Completed'),
('A179','P179','D179','B179','PR179','2025-06-16','Completed'),
('A180','P180','D180','B180','PR180','2025-06-17','Pending'),
('A181','P181','D181','B181','PR181','2025-06-18','Completed'),
('A182','P182','D182','B182','PR182','2025-06-19','Completed'),
('A183','P183','D183','B183','PR183','2025-06-19','Pending'),
('A184','P184','D184','B184','PR184','2025-06-20','Completed'),
('A185','P185','D185','B185','PR185','2025-06-21','Completed'),
('A186','P186','D186','B186','PR186','2025-06-22','Completed'),
('A187','P187','D187','B187','PR187','2025-06-23','Pending'),
('A188','P188','D188','B188','PR188','2025-06-23','Completed'),
('A189','P189','D189','B189','PR189','2025-06-24','Completed'),
('A190','P190','D190','B190','PR190','2025-06-25','Pending'),
('A191','P191','D191','B191','PR191','2025-06-26','Completed'),
('A192','P192','D192','B192','PR192','2025-06-27','Completed'),
('A193','P193','D193','B193','PR193','2025-06-28','Pending'),
('A194','P194','D194','B194','PR194','2025-06-29','Completed'),
('A195','P195','D195','B195','PR195','2025-06-30','Completed'),
('A196','P196','D196','B196','PR196','2025-07-01','Completed'),
('A197','P197','D197','B197','PR197','2025-07-02','Pending'),
('A198','P198','D198','B198','PR198','2025-07-02','Completed'),
('A199','P199','D199','B199','PR199','2025-07-03','Completed'),
('A200','P200','D200','B200','PR200','2025-07-04','Pending'),
('A201','P201','D201','B201','PR201','2025-07-05','Completed'),
('A202','P202','D202','B202','PR202','2025-07-06','Completed'),
('A203','P203','D203','B203','PR203','2025-07-07','Completed'),
('A204','P204','D204','B204','PR204','2025-07-08','Pending'),
('A205','P205','D205','B205','PR205','2025-07-09','Completed'),
('A206','P206','D206','B206','PR206','2025-07-10','Completed'),
('A207','P207','D207','B207','PR207','2025-07-11','Completed'),
('A208','P208','D208','B208','PR208','2025-07-12','Pending'),
('A209','P209','D209','B209','PR209','2025-07-13','Completed'),
('A210','P210','D210','B210','PR210','2025-07-14','Completed'),
('A211','P211','D211','B211','PR211','2025-07-15','Pending'),
('A212','P212','D212','B212','PR212','2025-07-16','Completed'),
('A213','P213','D213','B213','PR213','2025-07-17','Completed'),
('A214','P214','D214','B214','PR214','2025-07-18','Pending'),
('A215','P215','D215','B215','PR215','2025-07-19','Completed'),
('A216','P216','D216','B216','PR216','2025-07-20','Completed'),
('A217','P217','D217','B217','PR217','2025-07-21','Pending'),
('A218','P218','D218','B218','PR218','2025-07-22','Completed'),
('A219','P219','D219','B219','PR219','2025-07-23','Completed'),
('A220','P220','D220','B220','PR220','2025-07-24','Pending'),
('A221','P221','D221','B221','PR221','2025-07-25','Completed'),
('A222','P222','D222','B222','PR222','2025-07-26','Completed'),
('A223','P223','D223','B223','PR223','2025-07-27','Completed'),
('A224','P224','D224','B224','PR224','2025-07-28','Pending'),
('A225','P225','D225','B225','PR225','2025-07-29','Completed'),
('A226','P226','D226','B226','PR226','2025-07-30','Completed'),
('A227','P227','D227','B227','PR227','2025-07-31','Completed'),
('A228','P228','D228','B228','PR228','2025-08-01','Pending'),
('A229','P229','D229','B229','PR229','2025-08-02','Completed'),
('A230','P230','D230','B230','PR230','2025-08-03','Completed'),
('A231','P231','D231','B231','PR231','2025-08-04','Completed'),
('A232','P232','D232','B232','PR232','2025-08-05','Pending'),
('A233','P233','D233','B233','PR233','2025-08-06','Completed'),
('A234','P234','D234','B234','PR234','2025-08-07','Completed'),
('A235','P235','D235','B235','PR235','2025-08-08','Completed'),
('A236','P236','D236','B236','PR236','2025-08-09','Pending'),
('A237','P237','D237','B237','PR237','2025-08-10','Completed'),
('A238','P238','D238','B238','PR238','2025-08-11','Completed'),
('A239','P239','D239','B239','PR239','2025-08-12','Pending'),
('A240','P240','D240','B240','PR240','2025-08-13','Completed'),
('A241','P241','D241','B241','PR241','2025-08-14','Completed'),
('A242','P242','D242','B242','PR242','2025-08-15','Pending'),
('A243','P243','D243','B243','PR243','2025-08-16','Completed'),
('A244','P244','D244','B244','PR244','2025-08-17','Completed'),
('A245','P245','D245','B245','PR245','2025-08-18','Completed'),
('A246','P246','D246','B246','PR246','2025-08-19','Pending'),
('A247','P247','D247','B247','PR247','2025-08-20','Completed'),
('A248','P248','D248','B248','PR248','2025-08-21','Completed'),
('A249','P249','D249','B249','PR249','2025-08-22','Pending'),
('A250','P250','D250','B250','PR250','2025-08-23','Completed'),
('A251','P251','D251','B251','PR251','2025-08-24','Completed'),
('A252','P252','D252','B252','PR252','2025-08-25','Pending'),
('A253','P253','D253','B253','PR253','2025-08-26','Completed'),
('A254','P254','D254','B254','PR254','2025-08-27','Completed'),
('A255','P255','D255','B255','PR255','2025-08-28','Pending'),
('A256','P256','D256','B256','PR256','2025-08-29','Completed'),
('A257','P257','D257','B257','PR257','2025-08-30','Completed'),
('A258','P258','D258','B258','PR258','2025-08-31','Completed'),
('A259','P259','D259','B259','PR259','2025-09-01','Pending'),
('A260','P260','D260','B260','PR260','2025-09-02','Completed'),
('A261','P261','D261','B261','PR261','2025-09-03','Completed'),
('A262','P262','D262','B262','PR262','2025-09-04','Pending'),
('A263','P263','D263','B263','PR263','2025-09-05','Completed'),
('A264','P264','D264','B264','PR264','2025-09-06','Completed'),
('A265','P265','D265','B265','PR265','2025-09-07','Completed'),
('A266','P266','D266','B266','PR266','2025-09-08','Pending'),
('A267','P267','D267','B267','PR267','2025-09-09','Completed'),
('A268','P268','D268','B268','PR268','2025-09-10','Completed'),
('A269','P269','D269','B269','PR269','2025-09-11','Pending'),
('A270','P270','D270','B270','PR270','2025-09-12','Completed'),
('A271','P271','D271','B271','PR271','2025-09-13','Completed'),
('A272','P272','D272','B272','PR272','2025-09-14','Pending'),
('A273','P273','D273','B273','PR273','2025-09-15','Completed'),
('A274','P274','D274','B274','PR274','2025-09-16','Completed'),
('A275','P275','D275','B275','PR275','2025-09-17','Completed'),
('A276','P276','D276','B276','PR276','2025-09-18','Pending'),
('A277','P277','D277','B277','PR277','2025-09-19','Completed'),
('A278','P278','D278','B278','PR278','2025-09-20','Completed'),
('A279','P279','D279','B279','PR279','2025-09-21','Pending'),
('A280','P280','D280','B280','PR280','2025-09-22','Completed'),
('A281','P281','D281','B281','PR281','2025-09-23','Completed'),
('A282','P282','D282','B282','PR282','2025-09-24','Pending'),
('A283','P283','D283','B283','PR283','2025-09-25','Completed'),
('A284','P284','D284','B284','PR284','2025-09-26','Completed'),
('A285','P285','D285','B285','PR285','2025-09-27','Completed'),
('A286','P286','D286','B286','PR286','2025-09-28','Pending'),
('A287','P287','D287','B287','PR287','2025-09-29','Completed'),
('A288','P288','D288','B288','PR288','2025-09-30','Completed'),
('A289','P289','D289','B289','PR289','2025-10-01','Pending'),
('A290','P290','D290','B290','PR290','2025-10-02','Completed'),
('A291','P291','D291','B291','PR291','2025-10-03','Completed'),
('A292','P292','D292','B292','PR292','2025-10-04','Pending'),
('A293','P293','D293','B293','PR293','2025-10-05','Completed'),
('A294','P294','D294','B294','PR294','2025-10-06','Completed'),
('A295','P295','D295','B295','PR295','2025-10-07','Pending'),
('A296','P296','D296','B296','PR296','2025-10-08','Completed'),
('A297','P297','D297','B297','PR297','2025-10-09','Completed'),
('A298','P298','D298','B298','PR298','2025-10-10','Pending'),
('A299','P299','D299','B299','PR299','2025-10-11','Completed'),
('A300','P300','D300','B300','PR300','2025-10-12','Completed'),
('A301','P301','D301','B301','PR301','2025-10-13','Completed'),
('A302','P302','D302','B302','PR302','2025-10-14','Pending'),
('A303','P303','D303','B303','PR303','2025-10-15','Completed'),
('A304','P304','D304','B304','PR304','2025-10-16','Completed'),
('A305','P305','D305','B305','PR305','2025-10-17','Pending'),
('A306','P306','D306','B306','PR306','2025-10-18','Completed'),
('A307','P307','D307','B307','PR307','2025-10-19','Completed'),
('A308','P308','D308','B308','PR308','2025-10-20','Completed'),
('A309','P309','D309','B309','PR309','2025-10-21','Pending'),
('A310','P310','D310','B310','PR310','2025-10-22','Completed'),
('A311','P311','D311','B311','PR311','2025-10-23','Completed'),
('A312','P312','D312','B312','PR312','2025-10-24','Pending'),
('A313','P313','D313','B313','PR313','2025-10-25','Completed'),
('A314','P314','D314','B314','PR314','2025-10-26','Completed'),
('A315','P315','D315','B315','PR315','2025-10-27','Completed'),
('A316','P316','D316','B316','PR316','2025-10-28','Pending'),
('A317','P317','D317','B317','PR317','2025-10-29','Completed'),
('A318','P318','D318','B318','PR318','2025-10-30','Completed'),
('A319','P319','D319','B319','PR319','2025-10-31','Pending'),
('A320','P320','D320','B320','PR320','2025-11-01','Completed');

Create table insurance
(
insurance_id varchar(50) primary key,
appointment_id varchar(50),
patient_id varchar(50),
doctor_id varchar(50), 
bill_id varchar(50),
insurance_name varchar(50) not null, 
insurance_status enum("Active", "Inactive"),
foreign key (patient_id) references patients(patient_id),
foreign key (doctor_id) references doctors(doctor_id),
foreign Key ( appointment_id ) references appointments (appointment_id ),
foreign key (bill_id ) references billing ( bill_id)
);	

INSERT INTO insurance (insurance_id, appointment_id, patient_id, doctor_id, bill_id, insurance_name, insurance_status) VALUES
('I001','A001','P001','D001','B001','Star Health','Active'),
('I002','A002','P002','D002','B002','LIC Health Plus','Inactive'),
('I003','A003','P003','D003','B003','ICICI Lombard','Active'),
('I004','A004','P004','D004','B004','HDFC Ergo','Active'),
('I005','A005','P005','D005','B005','Reliance Health','Inactive'),
('I006','A006','P006','D006','B006','New India Assurance','Active'),
('I007','A007','P007','D007','B007','Star Health','Active'),
('I008','A008','P008','D008','B008','LIC Health Plus','Inactive'),
('I009','A009','P009','D009','B009','ICICI Lombard','Active'),
('I010','A010','P010','D010','B010','HDFC Ergo','Inactive'),
('I011','A011','P011','D011','B011','Reliance Health','Active'),
('I012','A012','P012','D012','B012','New India Assurance','Active'),
('I013','A013','P013','D013','B013','Star Health','Inactive'),
('I014','A014','P014','D014','B014','LIC Health Plus','Active'),
('I015','A015','P015','D015','B015','ICICI Lombard','Active'),
('I016','A016','P016','D016','B016','HDFC Ergo','Inactive'),
('I017','A017','P017','D017','B017','Reliance Health','Active'),
('I018','A018','P018','D018','B018','New India Assurance','Active'),
('I019','A019','P019','D019','B019','Star Health','Inactive'),
('I020','A020','P020','D020','B020','LIC Health Plus','Active'),
('I021','A021','P021','D021','B021','ICICI Lombard','Active'),
('I022','A022','P022','D022','B022','HDFC Ergo','Inactive'),
('I023','A023','P023','D023','B023','Reliance Health','Active'),
('I024','A024','P024','D024','B024','New India Assurance','Active'),
('I025','A025','P025','D025','B025','Star Health','Inactive'),
('I026','A026','P026','D026','B026','LIC Health Plus','Active'),
('I027','A027','P027','D027','B027','ICICI Lombard','Active'),
('I028','A028','P028','D028','B028','HDFC Ergo','Inactive'),
('I029','A029','P029','D029','B029','Reliance Health','Active'),
('I030','A030','P030','D030','B030','New India Assurance','Active'),
('I031','A031','P031','D031','B031','Star Health','Inactive'),
('I032','A032','P032','D032','B032','LIC Health Plus','Active'),
('I033','A033','P033','D033','B033','ICICI Lombard','Active'),
('I034','A034','P034','D034','B034','HDFC Ergo','Inactive'),
('I035','A035','P035','D035','B035','Reliance Health','Active'),
('I036','A036','P036','D036','B036','New India Assurance','Active'),
('I037','A037','P037','D037','B037','Star Health','Inactive'),
('I038','A038','P038','D038','B038','LIC Health Plus','Active'),
('I039','A039','P039','D039','B039','ICICI Lombard','Active'),
('I040','A040','P040','D040','B040','HDFC Ergo','Inactive'),
('I041','A041','P041','D041','B041','Reliance Health','Active'),
('I042','A042','P042','D042','B042','New India Assurance','Active'),
('I043','A043','P043','D043','B043','Star Health','Inactive'),
('I044','A044','P044','D044','B044','LIC Health Plus','Active'),
('I045','A045','P045','D045','B045','ICICI Lombard','Active'),
('I046','A046','P046','D046','B046','HDFC Ergo','Inactive'),
('I047','A047','P047','D047','B047','Reliance Health','Active'),
('I048','A048','P048','D048','B048','New India Assurance','Active'),
('I049','A049','P049','D049','B049','Star Health','Inactive'),
('I050','A050','P050','D050','B050','LIC Health Plus','Active'),
('I051','A051','P051','D051','B051','ICICI Lombard','Active'),
('I052','A052','P052','D052','B052','HDFC Ergo','Inactive'),
('I053','A053','P053','D053','B053','Reliance Health','Active'),
('I054','A054','P054','D054','B054','New India Assurance','Active'),
('I055','A055','P055','D055','B055','Star Health','Inactive'),
('I056','A056','P056','D056','B056','LIC Health Plus','Active'),
('I057','A057','P057','D057','B057','ICICI Lombard','Active'),
('I058','A058','P058','D058','B058','HDFC Ergo','Inactive'),
('I059','A059','P059','D059','B059','Reliance Health','Active'),
('I060','A060','P060','D060','B060','New India Assurance','Active'),
('I061','A061','P061','D061','B061','Star Health','Inactive'),
('I062','A062','P062','D062','B062','LIC Health Plus','Active'),
('I063','A063','P063','D063','B063','ICICI Lombard','Active'),
('I064','A064','P064','D064','B064','HDFC Ergo','Inactive'),
('I065','A065','P065','D065','B065','Reliance Health','Active'),
('I066','A066','P066','D066','B066','New India Assurance','Active'),
('I067','A067','P067','D067','B067','Star Health','Inactive'),
('I068','A068','P068','D068','B068','LIC Health Plus','Active'),
('I069','A069','P069','D069','B069','ICICI Lombard','Active'),
('I070','A070','P070','D070','B070','HDFC Ergo','Inactive'),
('I071','A071','P071','D071','B071','Reliance Health','Active'),
('I072','A072','P072','D072','B072','New India Assurance','Active'),
('I073','A073','P073','D073','B073','Star Health','Inactive'),
('I074','A074','P074','D074','B074','LIC Health Plus','Active'),
('I075','A075','P075','D075','B075','ICICI Lombard','Active'),
('I076','A076','P076','D076','B076','HDFC Ergo','Inactive'),
('I077','A077','P077','D077','B077','Reliance Health','Active'),
('I078','A078','P078','D078','B078','New India Assurance','Active'),
('I079','A079','P079','D079','B079','Star Health','Inactive'),
('I080','A080','P080','D080','B080','LIC Health Plus','Active'),
('I081','A081','P081','D081','B081','ICICI Lombard','Active'),
('I082','A082','P082','D082','B082','HDFC Ergo','Inactive'),
('I083','A083','P083','D083','B083','Reliance Health','Active'),
('I084','A084','P084','D084','B084','New India Assurance','Active'),
('I085','A085','P085','D085','B085','Star Health','Inactive'),
('I086','A086','P086','D086','B086','LIC Health Plus','Active'),
('I087','A087','P087','D087','B087','ICICI Lombard','Active'),
('I088','A088','P088','D088','B088','HDFC Ergo','Inactive'),
('I089','A089','P089','D089','B089','Reliance Health','Active'),
('I090','A090','P090','D090','B090','New India Assurance','Active'),
('I091','A091','P091','D091','B091','Star Health','Inactive'),
('I092','A092','P092','D092','B092','LIC Health Plus','Active'),
('I093','A093','P093','D093','B093','ICICI Lombard','Active'),
('I094','A094','P094','D094','B094','HDFC Ergo','Inactive'),
('I095','A095','P095','D095','B095','Reliance Health','Active'),
('I096','A096','P096','D096','B096','New India Assurance','Active'),
('I097','A097','P097','D097','B097','Star Health','Inactive'),
('I098','A098','P098','D098','B098','LIC Health Plus','Active'),
('I099','A099','P099','D099','B099','ICICI Lombard','Active'),
('I100','A100','P100','D100','B100','HDFC Ergo','Inactive'),
('I101','A101','P101','D101','B101','Reliance Health','Active'),
('I102','A102','P102','D102','B102','New India Assurance','Inactive'),
('I103','A103','P103','D103','B103','Star Health','Active'),
('I104','A104','P104','D104','B104','LIC Health Plus','Active'),
('I105','A105','P105','D105','B105','ICICI Lombard','Inactive'),
('I106','A106','P106','D106','B106','HDFC Ergo','Active'),
('I107','A107','P107','D107','B107','Reliance Health','Active'),
('I108','A108','P108','D108','B108','New India Assurance','Inactive'),
('I109','A109','P109','D109','B109','Star Health','Active'),
('I110','A110','P110','D110','B110','LIC Health Plus','Active'),
('I111','A111','P111','D111','B111','ICICI Lombard','Inactive'),
('I112','A112','P112','D112','B112','HDFC Ergo','Active'),
('I113','A113','P113','D113','B113','Reliance Health','Active'),
('I114','A114','P114','D114','B114','New India Assurance','Inactive'),
('I115','A115','P115','D115','B115','Star Health','Active'),
('I116','A116','P116','D116','B116','LIC Health Plus','Active'),
('I117','A117','P117','D117','B117','ICICI Lombard','Inactive'),
('I118','A118','P118','D118','B118','HDFC Ergo','Active'),
('I119','A119','P119','D119','B119','Reliance Health','Active'),
('I120','A120','P120','D120','B120','New India Assurance','Inactive'),
('I121','A121','P121','D121','B121','Star Health','Active'),
('I122','A122','P122','D122','B122','LIC Health Plus','Active'),
('I123','A123','P123','D123','B123','ICICI Lombard','Inactive'),
('I124','A124','P124','D124','B124','HDFC Ergo','Active'),
('I125','A125','P125','D125','B125','Reliance Health','Active'),
('I126','A126','P126','D126','B126','New India Assurance','Inactive'),
('I127','A127','P127','D127','B127','Star Health','Active'),
('I128','A128','P128','D128','B128','LIC Health Plus','Active'),
('I129','A129','P129','D129','B129','ICICI Lombard','Inactive'),
('I130','A130','P130','D130','B130','HDFC Ergo','Active'),
('I131','A131','P131','D131','B131','Reliance Health','Active'),
('I132','A132','P132','D132','B132','New India Assurance','Inactive'),
('I133','A133','P133','D133','B133','Star Health','Active'),
('I134','A134','P134','D134','B134','LIC Health Plus','Active'),
('I135','A135','P135','D135','B135','ICICI Lombard','Inactive'),
('I136','A136','P136','D136','B136','HDFC Ergo','Active'),
('I137','A137','P137','D137','B137','Reliance Health','Active'),
('I138','A138','P138','D138','B138','New India Assurance','Inactive'),
('I139','A139','P139','D139','B139','Star Health','Active'),
('I140','A140','P140','D140','B140','LIC Health Plus','Active'),
('I141','A141','P141','D141','B141','ICICI Lombard','Inactive'),
('I142','A142','P142','D142','B142','HDFC Ergo','Active'),
('I143','A143','P143','D143','B143','Reliance Health','Active'),
('I144','A144','P144','D144','B144','New India Assurance','Inactive'),
('I145','A145','P145','D145','B145','Star Health','Active'),
('I146','A146','P146','D146','B146','LIC Health Plus','Active'),
('I147','A147','P147','D147','B147','ICICI Lombard','Inactive'),
('I148','A148','P148','D148','B148','HDFC Ergo','Active'),
('I149','A149','P149','D149','B149','Reliance Health','Active'),
('I150','A150','P150','D150','B150','New India Assurance','Inactive'),
('I151','A151','P151','D151','B151','Star Health','Active'),
('I152','A152','P152','D152','B152','LIC Health Plus','Active'),
('I153','A153','P153','D153','B153','ICICI Lombard','Inactive'),
('I154','A154','P154','D154','B154','HDFC Ergo','Active'),
('I155','A155','P155','D155','B155','Reliance Health','Active'),
('I156','A156','P156','D156','B156','New India Assurance','Inactive'),
('I157','A157','P157','D157','B157','Star Health','Active'),
('I158','A158','P158','D158','B158','LIC Health Plus','Active'),
('I159','A159','P159','D159','B159','ICICI Lombard','Inactive'),
('I160','A160','P160','D160','B160','HDFC Ergo','Active'),
('I161','A161','P161','D161','B161','Reliance Health','Active'),
('I162','A162','P162','D162','B162','New India Assurance','Inactive'),
('I163','A163','P163','D163','B163','Star Health','Active'),
('I164','A164','P164','D164','B164','LIC Health Plus','Active'),
('I165','A165','P165','D165','B165','ICICI Lombard','Inactive'),
('I166','A166','P166','D166','B166','HDFC Ergo','Active'),
('I167','A167','P167','D167','B167','Reliance Health','Active'),
('I168','A168','P168','D168','B168','New India Assurance','Inactive'),
('I169','A169','P169','D169','B169','Star Health','Active'),
('I170','A170','P170','D170','B170','LIC Health Plus','Active'),
('I171','A171','P171','D171','B171','ICICI Lombard','Inactive'),
('I172','A172','P172','D172','B172','HDFC Ergo','Active'),
('I173','A173','P173','D173','B173','Reliance Health','Active'),
('I174','A174','P174','D174','B174','New India Assurance','Inactive'),
('I175','A175','P175','D175','B175','Star Health','Active'),
('I176','A176','P176','D176','B176','LIC Health Plus','Active'),
('I177','A177','P177','D177','B177','ICICI Lombard','Inactive'),
('I178','A178','P178','D178','B178','HDFC Ergo','Active'),
('I179','A179','P179','D179','B179','Reliance Health','Active'),
('I180','A180','P180','D180','B180','New India Assurance','Inactive'),
('I181','A181','P181','D181','B181','Star Health','Active'),
('I182','A182','P182','D182','B182','LIC Health Plus','Active'),
('I183','A183','P183','D183','B183','ICICI Lombard','Inactive'),
('I184','A184','P184','D184','B184','HDFC Ergo','Active'),
('I185','A185','P185','D185','B185','Reliance Health','Active'),
('I186','A186','P186','D186','B186','New India Assurance','Inactive'),
('I187','A187','P187','D187','B187','Star Health','Active'),
('I188','A188','P188','D188','B188','LIC Health Plus','Active'),
('I189','A189','P189','D189','B189','ICICI Lombard','Inactive'),
('I190','A190','P190','D190','B190','HDFC Ergo','Active'),
('I191','A191','P191','D191','B191','Reliance Health','Active'),
('I192','A192','P192','D192','B192','New India Assurance','Inactive'),
('I193','A193','P193','D193','B193','Star Health','Active'),
('I194','A194','P194','D194','B194','LIC Health Plus','Active'),
('I195','A195','P195','D195','B195','ICICI Lombard','Inactive'),
('I196','A196','P196','D196','B196','HDFC Ergo','Active'),
('I197','A197','P197','D197','B197','Reliance Health','Active'),
('I198','A198','P198','D198','B198','New India Assurance','Inactive'),
('I199','A199','P199','D199','B199','Star Health','Active'),
('I200','A200','P200','D200','B200','LIC Health Plus','Active'),
('I201','A201','P201','D201','B201','ICICI Lombard','Inactive'),
('I202','A202','P202','D202','B202','HDFC Ergo','Active'),
('I203','A203','P203','D203','B203','Reliance Health','Active'),
('I204','A204','P204','D204','B204','New India Assurance','Inactive'),
('I205','A205','P205','D205','B205','Star Health','Active'),
('I206','A206','P206','D206','B206','LIC Health Plus','Active'),
('I207','A207','P207','D207','B207','ICICI Lombard','Inactive'),
('I208','A208','P208','D208','B208','HDFC Ergo','Active'),
('I209','A209','P209','D209','B209','Reliance Health','Active'),
('I210','A210','P210','D210','B210','New India Assurance','Inactive'),
('I211','A211','P211','D211','B211','Star Health','Active'),
('I212','A212','P212','D212','B212','LIC Health Plus','Active'),
('I213','A213','P213','D213','B213','ICICI Lombard','Inactive'),
('I214','A214','P214','D214','B214','HDFC Ergo','Active'),
('I215','A215','P215','D215','B215','Reliance Health','Active'),
('I216','A216','P216','D216','B216','New India Assurance','Inactive'),
('I217','A217','P217','D217','B217','Star Health','Active'),
('I218','A218','P218','D218','B218','LIC Health Plus','Active'),
('I219','A219','P219','D219','B219','ICICI Lombard','Inactive'),
('I220','A220','P220','D220','B220','HDFC Ergo','Active'),
('I221','A221','P221','D221','B221','Reliance Health','Active'),
('I222','A222','P222','D222','B222','New India Assurance','Inactive'),
('I223','A223','P223','D223','B223','Star Health','Active'),
('I224','A224','P224','D224','B224','LIC Health Plus','Active'),
('I225','A225','P225','D225','B225','ICICI Lombard','Inactive'),
('I226','A226','P226','D226','B226','HDFC Ergo','Active'),
('I227','A227','P227','D227','B227','Reliance Health','Active'),
('I228','A228','P228','D228','B228','New India Assurance','Inactive'),
('I229','A229','P229','D229','B229','Star Health','Active'),
('I230','A230','P230','D230','B230','LIC Health Plus','Active'),
('I231','A231','P231','D231','B231','ICICI Lombard','Inactive'),
('I232','A232','P232','D232','B232','HDFC Ergo','Active'),
('I233','A233','P233','D233','B233','Reliance Health','Active'),
('I234','A234','P234','D234','B234','New India Assurance','Inactive'),
('I235','A235','P235','D235','B235','Star Health','Active'),
('I236','A236','P236','D236','B236','LIC Health Plus','Active'),
('I237','A237','P237','D237','B237','ICICI Lombard','Inactive'),
('I238','A238','P238','D238','B238','HDFC Ergo','Active'),
('I239','A239','P239','D239','B239','Reliance Health','Active'),
('I240','A240','P240','D240','B240','New India Assurance','Inactive'),
('I241','A241','P241','D241','B241','Star Health','Active'),
('I242','A242','P242','D242','B242','LIC Health Plus','Active'),
('I243','A243','P243','D243','B243','ICICI Lombard','Inactive'),
('I244','A244','P244','D244','B244','HDFC Ergo','Active'),
('I245','A245','P245','D245','B245','Reliance Health','Active'),
('I246','A246','P246','D246','B246','New India Assurance','Inactive'),
('I247','A247','P247','D247','B247','Star Health','Active'),
('I248','A248','P248','D248','B248','LIC Health Plus','Active'),
('I249','A249','P249','D249','B249','ICICI Lombard','Inactive'),
('I250','A250','P250','D250','B250','HDFC Ergo','Active'),
('I251','A251','P251','D251','B251','Reliance Health','Active'),
('I252','A252','P252','D252','B252','New India Assurance','Inactive'),
('I253','A253','P253','D253','B253','Star Health','Active'),
('I254','A254','P254','D254','B254','LIC Health Plus','Active'),
('I255','A255','P255','D255','B255','ICICI Lombard','Inactive'),
('I256','A256','P256','D256','B256','HDFC Ergo','Active'),
('I257','A257','P257','D257','B257','Reliance Health','Active'),
('I258','A258','P258','D258','B258','New India Assurance','Inactive'),
('I259','A259','P259','D259','B259','Star Health','Active'),
('I260','A260','P260','D260','B260','LIC Health Plus','Active'),
('I261','A261','P261','D261','B261','ICICI Lombard','Inactive'),
('I262','A262','P262','D262','B262','HDFC Ergo','Active'),
('I263','A263','P263','D263','B263','Reliance Health','Active'),
('I264','A264','P264','D264','B264','New India Assurance','Inactive'),
('I265','A265','P265','D265','B265','Star Health','Active'),
('I266','A266','P266','D266','B266','LIC Health Plus','Active'),
('I267','A267','P267','D267','B267','ICICI Lombard','Inactive'),
('I268','A268','P268','D268','B268','HDFC Ergo','Active'),
('I269','A269','P269','D269','B269','Reliance Health','Active'),
('I270','A270','P270','D270','B270','New India Assurance','Inactive'),
('I271','A271','P271','D271','B271','Star Health','Active'),
('I272','A272','P272','D272','B272','LIC Health Plus','Active'),
('I273','A273','P273','D273','B273','ICICI Lombard','Inactive'),
('I274','A274','P274','D274','B274','HDFC Ergo','Active'),
('I275','A275','P275','D275','B275','Reliance Health','Active'),
('I276','A276','P276','D276','B276','New India Assurance','Inactive'),
('I277','A277','P277','D277','B277','Star Health','Active'),
('I278','A278','P278','D278','B278','LIC Health Plus','Active'),
('I279','A279','P279','D279','B279','ICICI Lombard','Inactive'),
('I280','A280','P280','D280','B280','HDFC Ergo','Active'),
('I281','A281','P281','D281','B281','Reliance Health','Active'),
('I282','A282','P282','D282','B282','New India Assurance','Inactive'),
('I283','A283','P283','D283','B283','Star Health','Active'),
('I284','A284','P284','D284','B284','LIC Health Plus','Active'),
('I285','A285','P285','D285','B285','HDFC ERGO','Inactive'),
('I286','A286','P286','D286','B286','ICICI Lombard','Active'),
('I287','A287','P287','D287','B287','Star Health','Active'),
('I288','A288','P288','D288','B288','New India Assurance','Inactive'),
('I289','A289','P289','D289','B289','Care Health Insurance','Active'),
('I290','A290','P290','D290','B290','United India Insurance','Active'),
('I291','A291','P291','D291','B291','Oriental Insurance','Inactive'),
('I292','A292','P292','D292','B292','Reliance Health','Active'),
('I293','A293','P293','D293','B293','TATA AIG','Inactive'),
('I294','A294','P294','D294','B294','Bajaj Allianz','Active'),
('I295','A295','P295','D295','B295','Max Bupa','Active'),
('I296','A296','P296','D296','B296','SBI Health Insurance','Inactive'),
('I297','A297','P297','D297','B297','IFFCO Tokio','Active'),
('I298','A298','P298','D298','B298','Go Digit','Inactive'),
('I299','A299','P299','D299','B299','Reliance Health','Active'),
('I300','A300','P300','D300','B300','Future Generali','Active'),
('I301','A301','P301','D301','B301','HDFC ERGO','Inactive'),
('I302','A302','P302','D302','B302','ICICI Lombard','Active'),
('I303','A303','P303','D303','B303','Star Health','Active'),
('I304','A304','P304','D304','B304','New India Assurance','Inactive'),
('I305','A305','P305','D305','B305','Care Health Insurance','Active'),
('I306','A306','P306','D306','B306','United India Insurance','Active'),
('I307','A307','P307','D307','B307','Oriental Insurance','Inactive'),
('I308','A308','P308','D308','B308','Reliance Health','Active'),
('I309','A309','P309','D309','B309','TATA AIG','Inactive'),
('I310','A310','P310','D310','B310','Bajaj Allianz','Active'),
('I311','A311','P311','D311','B311','Max Bupa','Active'),
('I312','A312','P312','D312','B312','SBI Health Insurance','Inactive'),
('I313','A313','P313','D313','B313','IFFCO Tokio','Active'),
('I314','A314','P314','D314','B314','Go Digit','Inactive'),
('I315','A315','P315','D315','B315','Reliance Health','Active'),
('I316','A316','P316','D316','B316','Future Generali','Active'),
('I317','A317','P317','D317','B317','HDFC ERGO','Inactive'),
('I318','A318','P318','D318','B318','ICICI Lombard','Active'),
('I319','A319','P319','D319','B319','Star Health','Active'),
('I320','A320','P320','D320','B320','New India Assurance','Inactive');


--  Patient & Doctor Insights
-- Scenario: The hospital admin wants to know how many patients each doctor has treated.

select doctors.doctor_id, doctors.doctor_name, COUNT(DISTINCT Appointments.patient_id) as Patients_Treated
from doctors
inner join appointments on doctors.doctor_id = appointments.doctor_id
group by doctors.doctor_id, doctors.doctor_name;

-- Appointment Summary
-- Scenario: Find all upcoming appointments for a specific doctor (e.g., Dr. Meena) in the next 7 days.
select appointments.appointment_id, appointments.patient_id, appointments.appointment_date,appointments.appointment_status
from appointments
inner join doctors on doctors.doctor_id =  appointments.doctor_id
where doctors.doctor_name = "divya" 
and appointments.appointment_date >= CURDATE()
and appointments.appointment_date <= DATE_ADD(CURDATE(), INTERVAL 7 DAY);

-- Billing & Payment Insights
-- Scenario: Management wants to see total billing amount collected per day.

SELECT Date, SUM(Amount) AS Total_Billing_Amount
FROM Billing
GROUP BY Date;

-- Prescription Analysis
-- Scenario: Find all medications prescribed by doctors from the Cardiology department.
select doctors.doctor_name, doctors.doctor_speciality,prescription.medication
from doctors
inner join prescription on prescription.doctor_id = doctors.doctor_id
where doctors.doctor_speciality = "Cardiologist";

-- Insurance Utilization
-- Scenario: List patients whose insurance eligibility is Approved but billing payment status is still Pending
select patients.patient_name, insurance.insurance_name, insurance.insurance_status,billing.payment_status
from patients
inner join insurance on patients.patient_id = insurance.patient_id
inner join billing on patients.patient_id = billing.patient_id
where insurance.insurance_status = "Active"and billing.payment_status = "Pending";

-- Doctor Performance Report
-- Scenario: Show total number of prescriptions issued and total billing generated per doctor.
select count(prescription_id) as issued_prescriptions, doctors.doctor_name
from prescription
inner join doctors on doctors.doctor_id  = prescription.doctor_id
group by doctors.doctor_name;

-- Missing Insurance Records
-- Scenario: Find all patients who dont have an insurance record in the insurance table.
select patients.patient_name, insurance.patient_id 
from patients
inner join insurance on insurance.patient_id = patients.patient_id
where insurance.patient_id is NULL;

-- Appointment-to-Billing Link Check
-- Scenario: Verify that every appointment has a corresponding billing entry.
SELECT appointments.appointment_id, billing.bill_id
FROM appointments
INNER JOIN billing ON billing.patient_id = appointments.patient_id;

-- Monthly Revenue Trend
-- Scenario: Show monthly revenue trend for the current year.
SELECT MONTH(Date) AS month,SUM(Amount) AS total_revenue
FROM billing
WHERE YEAR(Date) = YEAR(CURDATE())AND payment_status = 'Paid'
GROUP BY MONTH(Date)
ORDER BY MONTH(Date);

-- Scenario: Doctor Performance Insights
-- Find the top 3 doctors who have completed the highest number of appointments in the last 90 days, along with their department and total revenue generated from those appointments
SELECT doctors.doctor_id, doctors.doctor_name, doctors.doctor_department, COUNT(appointments.appointment_id) AS completed_appointments, SUM(billing.amount) AS total_revenue
FROM appointments
INNER JOIN doctors ON appointments.doctor_id = doctors.doctor_id
INNER JOIN billing ON billing.patient_id = appointments.patient_id
WHERE appointment_status = 'Completed' AND appointment_date >= CURDATE() - INTERVAL 90 DAY
GROUP BY doctors.doctor_id, doctors.doctor_name, doctors.doctor_department
ORDER BY completed_appointments DESC
LIMIT 3;

-- Scenario: Create a Comprehensive Patient Report View
-- As a senior MySQL developer, you are asked to create a view called patient_full_report that combines key details from all six tables  showing each patients name, gender, doctor name, appointment date, medication, total billing amount, and insurance eligibility.
DROP VIEW IF EXISTS patient_full_report;
CREATE VIEW patient_full_report AS
SELECT patients.patient_name, patients.patient_gender, doctors.doctor_name, appointments.appointment_date, prescription.medication,  SUM(billing.amount) AS total_billing_amount, insurance.insurance_status
FROM patients
INNER JOIN appointments ON patients.patient_id = appointments.patient_id
INNER JOIN doctors ON appointments.doctor_id = doctors.doctor_id
LEFT JOIN prescription ON patients.patient_id = prescription.patient_id  AND doctors.doctor_id = prescription.doctor_id
LEFT JOIN billing ON patients.patient_id = billing.patient_id
LEFT JOIN insurance ON patients.patient_id = insurance.patient_id
GROUP BY patients.patient_id, patients.patient_name, patients.patient_gender,
  doctors.doctor_name, appointments.appointment_date, prescription.medication, insurance.insurance_status;
SELECT *
FROM patient_full_report
WHERE insurance_status = 'Active'and total_billing_amount > 2500;

-- Scenario: Generate Patient Billing Summary
-- Write a stored procedure called GetPatientBillingSummary that takes a patient ID as input and returns:
DELIMITER //
CREATE PROCEDURE GetPatientBillingSummary(IN in_patient_id INT)
BEGIN
    SELECT patients.patient_id, patients.patient_name, patients.patient_age, patients.patient_gender, patients.patient_address, patients.patient_mobile_number, billing.billing_id,billing.amount, billing.payment_date,
    billing.billing, insurance.insurance_id, insurance.insurance_name, insurance.insurance_status, appointments.appointment_id, appointments.appointment_date, appointments.appointment_status
	FROM patients
    LEFT JOIN billing ON patients.patient_id = billing.patient_id
    LEFT JOIN insurance ON patients.patient_id = insurance.patient_id
    LEFT JOIN appointments ON patients.patient_id = appointments.patient_id
    WHERE patients.patient_id = in_patient_id;
END //
DELIMITER ;

-- To connect all the columns and get it in a single sheet, the below query was coded.
~~~~~~~~~~~~~~~~~~~~~~~~~~~~~~~~~~~~~~~~~~~~~~~~~~~~~~~~~~~~~~~~~~~~~~~~~~~~~~~~~~~~~
select patients.patient_id,
 patients.patient_name, patients.patient_age, patients.patient_gender, 
 patients.patient_address, patients.patient_mobile_number,
doctors.doctor_id ,doctors. doctor_name, doctors.degree , doctors.doctor_speciality, 
doctors.doctor_department ,doctors.doctor_contact_number,
appointments.appointment_id, appointments. appointment_date, appointments.appointment_status,
insurance.insurance_id, insurance.insurance_name, insurance.insurance_status,
billing. bill_id, billing.amount, billing.payment_status, billing.date,
prescription.prescription_id, prescription. medication,prescription. dosage, prescription.notes
from patients
inner join doctors on doctors.patient_id = patients.patient_id
inner join appointments on appointments.doctor_id = doctors.doctor_id
inner join insurance on insurance.patient_id = patients.patient_id
inner join billing on billing.patient_id =patients.patient_id
inner join prescription on prescription.patient_id = patients.patient_id;

-- View
~~~~~~~~
create view hospital as 
select patients.patient_id,
 patients.patient_name, patients.patient_age, patients.patient_gender, 
 patients.patient_address, patients.patient_mobile_number,
doctors.doctor_id ,doctors. doctor_name, doctors.degree , doctors.doctor_speciality, 
doctors.doctor_department ,doctors.doctor_contact_number,
appointments.appointment_id, appointments. appointment_date, appointments.appointment_status,
insurance.insurance_id, insurance.insurance_name, insurance.insurance_status,
billing. bill_id, billing.amount, billing.payment_status, billing.date,
prescription.prescription_id, prescription. medication,prescription. dosage, prescription.notes
from patients
inner join doctors on doctors.patient_id = patients.patient_id
inner join appointments on appointments.doctor_id = doctors.doctor_id
inner join insurance on insurance.patient_id = patients.patient_id
inner join billing on billing.patient_id =patients.patient_id
inner join prescription on prescription.patient_id = patients.patient_id;

select * from hospital;
